radius_x_um,radius_y_um,rotation_deg,pillar_height_um,period_um,incident_angle_deg,gds_path,ex_real,ex_imag,ey_real,ey_imag,ez_real,ez_imag,tm_real,tm_imag,te_real,te_imag,zero_order_power_estimate,total_transmitted_power_ratio,bare_reference_transmission_ratio,bare_reference_total_transmission,reflectance,power_balance_error,incident_transmission_plane_flux,reference_transmission_plane_flux,pillar_transmission_plane_flux,zero_order_tm_magnitude,zero_order_tm_phase_deg,transmission_schema_version,completed_at
0.03,0.03,0.0,0.55,0.2,0.0,/home/eli/Grad/AI-for-photonics/Metasurface/Unit_cell_Libraries/Ellipse Pillar SiN on SiO2 532 nm KAIST/GDS Library/elliptical_pillar_rx_0.03_ry_0.03_theta_0.0.gds,0.818567849543742,-0.45868532176793675,-0.0,-0.0,-0.0,-0.0,0.818567849543742,-0.45868532176793675,-0.0,-0.0,0.8804455487120219,0.8804455444263865,1.0104198643102424,0.8713660286433678,0.11955438098951604,-7.458409756466722e-08,0.2836688015616604,0.2471793570668076,0.2497549324277367,0.9383206001746002,330.7358657929752,2,2026-09-26T16:35:43-04:00
0.04,0.03,90.0,0.55,0.2,0.0,/home/eli/Grad/AI-for-photonics/Metasurface/Unit_cell_Libraries/Ellipse Pillar SiN on SiO2 532 nm KAIST/GDS Library/elliptical_pillar_rx_0.04_ry_0.03_theta_90.0.gds,0.8554468516745172,-0.39170274016314593,-3.076743420770127e-06,-7.777278148648217e-06,1.0110074488961291e-11,-4.7422480323934405e-12,0.8554468516745172,-0.39170274016314593,-3.076743420770127e-06,-7.777278148648217e-06,0.8852203527611128,0.8852203406705065,1.0159017014301908,0.8713641678366022,0.1147795927133911,-6.661610241209814e-08,0.28366880156165986,0.247178829213982,0.25110939315600683,0.9408614949561707,335.3973094290773,2,2026-09-26T16:37:46-04:00
0.05,0.03,90.0,0.55,0.2,0.0,/home/eli/Grad/AI-for-photonics/Metasurface/Unit_cell_Libraries/Ellipse Pillar SiN on SiO2 532 nm KAIST/GDS Library/elliptical_pillar_rx_0.05_ry_0.03_theta_90.0.gds,0.888818702867695,-0.3186088340168494,-1.5276292328274067e-06,-8.353732617228093e-06,2.9704530785667464e-11,4.94432601743865e-12,0.888818702867695,-0.3186088340168494,-1.5276292328274067e-06,-8.353732617228093e-06,0.8915102757531069,0.8915102687331758,1.0231201851535756,0.8713641678366022,0.1084897031708943,-2.8095929804905495e-08,0.28366880156165986,0.247178829213982,0.2528936495114533,0.9441982184271417,340.2791095008529,2,2026-09-26T16:38:35-04:00
0.060000000000000005,0.03,90.0,0.55,0.2,0.0,/home/eli/Grad/AI-for-photonics/Metasurface/Unit_cell_Libraries/Ellipse Pillar SiN on SiO2 532 nm KAIST/GDS Library/elliptical_pillar_rx_0.060000000000000005_ry_0.03_theta_90.0.gds,0.9164900722154589,-0.2421160177432264,3.329429920148817e-07,-8.628016098950045e-06,-9.205435444657783e-12,4.458923424822301e-11,0.9164900722154589,-0.2421160177432264,3.329429920148817e-07,-8.628016098950045e-06,0.8985742185918889,0.8985742166255377,1.0312269540030454,0.8713641678366022,0.10142577547558283,-7.898879439416362e-09,0.28366880156165986,0.247178829213982,0.2548974711443736,0.9479315473795222,345.2018176662615,2,2026-09-26T16:39:24-04:00
0.04,0.03,0.0,0.55,0.2,0.0,/home/eli/Grad/AI-for-photonics/Metasurface/Unit_cell_Libraries/Ellipse Pillar SiN on SiO2 532 nm KAIST/GDS Library/elliptical_pillar_rx_0.04_ry_0.03_theta_0.0.gds,0.8820843317939511,-0.3342633618035365,-0.0,-0.0,3.0749990114647694e-26,-5.338543649649455e-26,0.8820843317939511,-0.3342633618035365,-0.0,-0.0,0.8898047634405831,0.8898047549017085,1.0211607127799645,0.8713660286433678,0.11019521052248996,-3.457580155519224e-08,0.2836688015616604,0.2471793570668076,0.2524098484468346,0.9432946323607397,339.2459385900212,2,2026-09-26T16:39:40-04:00
0.04,0.04,0.0,0.55,0.2,0.0,/home/eli/Grad/AI-for-photonics/Metasurface/Unit_cell_Libraries/Ellipse Pillar SiN on SiO2 532 nm KAIST/GDS Library/elliptical_pillar_rx_0.04_ry_0.04_theta_0.0.gds,0.9235935523365408,-0.21876126778346253,-0.0,-0.0,-1.900522071958535e-26,-2.8721354181447484e-26,0.9235935523365408,-0.21876126778346253,-0.0,-0.0,0.9008815421998584,0.9008815485019126,1.0338726997476566,0.8713660286433678,0.09911836967158748,-8.182649990917668e-08,0.2836688015616604,0.2471793570668076,0.2555519892125504,0.9491477978691508,346.6745625816429,2,2026-09-26T16:39:58-04:00
0.05,0.04,90.0,0.55,0.2,0.0,/home/eli/Grad/AI-for-photonics/Metasurface/Unit_cell_Libraries/Ellipse Pillar SiN on SiO2 532 nm KAIST/GDS Library/elliptical_pillar_rx_0.05_ry_0.04_theta_90.0.gds,0.949766094929235,-0.1026352367881424,-2.5177719956539486e-08,-8.724338984680795e-06,2.9064916726402535e-11,3.59188892182083e-11,0.949766094929235,-0.1026352367881424,-2.5177719956539486e-08,-8.724338984680795e-06,0.9125896269838015,0.9125896357698223,1.047311410607546,0.8713641678366022,0.08741029802456254,-6.620561510128908e-08,0.28366880156165986,0.247178829213982,0.2588732082964172,0.9552955704428273,353.83234001360506,2,2026-09-26T16:40:48-04:00
0.060000000000000005,0.04,90.0,0.55,0.2,0.0,/home/eli/Grad/AI-for-photonics/Metasurface/Unit_cell_Libraries/Ellipse Pillar SiN on SiO2 532 nm KAIST/GDS Library/elliptical_pillar_rx_0.060000000000000005_ry_0.04_theta_90.0.gds,0.9603445512650735,-0.004586503261474779,2.2884562015207127e-06,-8.606638763383223e-06,1.7430900198657174e-12,5.724006603830991e-12,0.9603445512650735,-0.004586503261474779,2.2884562015207127e-06,-8.606638763383223e-06,0.9222826932359941,0.9222827020686112,1.0584354235708682,0.8713641678366022,0.07771726062137803,-3.731001074758211e-08,0.28366880156165986,0.247178829213982,0.26162282879685234,0.9603555035280856,359.7263635418131,2,2026-09-26T16:41:38-04:00
0.05,0.03,0.0,0.55,0.2,0.0,/home/eli/Grad/AI-for-photonics/Metasurface/Unit_cell_Libraries/Ellipse Pillar SiN on SiO2 532 nm KAIST/GDS Library/elliptical_pillar_rx_0.05_ry_0.03_theta_0.0.gds,0.9395072487633818,-0.15514549198738695,-0.0,-0.0,-0.0,-0.0,0.9395072487633818,-0.15514549198738695,-0.0,-0.0,0.9067439941629472,0.9067440028451441,1.040600589234419,0.8713660286433678,0.0932559693594897,-2.7795366230876084e-08,0.2836688015616604,0.2471793570668076,0.25721498461030484,0.9522310613306768,350.6230873673223,2,2026-09-26T16:41:54-04:00
0.05,0.04,0.0,0.55,0.2,0.0,/home/eli/Grad/AI-for-photonics/Metasurface/Unit_cell_Libraries/Ellipse Pillar SiN on SiO2 532 nm KAIST/GDS Library/elliptical_pillar_rx_0.05_ry_0.04_theta_0.0.gds,0.9615280538022078,0.019862224995382625,-0.0,-0.0,-0.0,-0.0,0.9615280538022078,0.019862224995382625,-0.0,-0.0,0.9249307062304287,0.9249307142197312,1.0614720838494913,0.8713660286433678,0.07506925102378934,-3.4756479472264346e-08,0.2836688015616604,0.2471793570668076,0.26237398723028177,0.9617331782934541,1.1833870398782822,2,2026-09-26T16:42:10-04:00
0.05,0.05,0.0,0.55,0.2,0.0,/home/eli/Grad/AI-for-photonics/Metasurface/Unit_cell_Libraries/Ellipse Pillar SiN on SiO2 532 nm KAIST/GDS Library/elliptical_pillar_rx_0.05_ry_0.05_theta_0.0.gds,0.9540345611923206,0.1698834773420516,-2.1054027376051856e-20,2.584479899516266e-20,1.0576319935985387e-19,8.674126300264323e-19,0.9540345611923206,0.1698834773420516,-2.1054027376051856e-20,2.584479899516266e-20,0.9390423398232509,0.9390423528886715,1.0776669298786747,0.8713660286433678,0.06095767601808131,2.8906752769231048e-08,0.2836688015616604,0.2471793570668076,0.26637701885957127,0.969041970104108,10.096742506082714,2,2026-09-26T16:42:25-04:00
0.060000000000000005,0.05,90.0,0.55,0.2,0.0,/home/eli/Grad/AI-for-photonics/Metasurface/Unit_cell_Libraries/Ellipse Pillar SiN on SiO2 532 nm KAIST/GDS Library/elliptical_pillar_rx_0.060000000000000005_ry_0.05_theta_90.0.gds,0.9173738954043281,0.33280950181260993,4.485372862871387e-06,-8.030682487720065e-06,-8.23829962127929e-12,-1.2827248245273676e-11,0.9173738954043281,0.33280950181260993,4.485372862871387e-06,-8.030682487720065e-06,0.9523370285506793,0.9523370483994488,1.0929265668152084,0.8713641678366022,0.047662976600951854,2.5000400638575115e-08,0.28366880156165986,0.247178829213982,0.2701483092022401,0.9758775683793889,19.940012811237587,2,2026-09-26T16:43:18-04:00
0.060000000000000005,0.03,0.0,0.55,0.2,0.0,/home/eli/Grad/AI-for-photonics/Metasurface/Unit_cell_Libraries/Ellipse Pillar SiN on SiO2 532 nm KAIST/GDS Library/elliptical_pillar_rx_0.060000000000000005_ry_0.03_theta_0.0.gds,0.9616655058474315,0.05433301769786939,-0.0,-0.0,-4.206771330557112e-26,1.1317723190923425e-26,0.9616655058474315,0.05433301769786939,-0.0,-0.0,0.9277526219489531,0.9277526293096242,1.0647105794955591,0.8713660286433678,0.07224735356342006,-1.71269557425191e-08,0.2836688015616604,0.2471793570668076,0.2631744765019405,0.9631991600644974,3.2337091201141694,2,2026-09-26T16:43:33-04:00
0.060000000000000005,0.04,0.0,0.55,0.2,0.0,/home/eli/Grad/AI-for-photonics/Metasurface/Unit_cell_Libraries/Ellipse Pillar SiN on SiO2 532 nm KAIST/GDS Library/elliptical_pillar_rx_0.060000000000000005_ry_0.04_theta_0.0.gds,0.9352142239218231,0.2710468749704508,-6.373162034309716e-20,-1.0243308429212234e-20,9.139279714753166e-19,4.565242128189875e-19,0.9352142239218231,0.2710468749704508,-6.373162034309716e-20,-1.0243308429212234e-20,0.948092053056945,0.9480920683516523,1.0880525946458337,0.8713660286433678,0.0519079573427661,2.5694418370747485e-08,0.2836688015616604,0.2471793570668076,0.268944140799429,0.9737001864316064,16.162819935902547,2,2026-09-26T16:43:49-04:00
0.060000000000000005,0.05,0.0,0.55,0.2,0.0,/home/eli/Grad/AI-for-photonics/Metasurface/Unit_cell_Libraries/Ellipse Pillar SiN on SiO2 532 nm KAIST/GDS Library/elliptical_pillar_rx_0.060000000000000005_ry_0.05_theta_0.0.gds,0.849463338749805,0.4903286023407223,-0.0,-0.0,-0.0,-0.0,0.849463338749805,0.4903286023407223,-0.0,-0.0,0.9620101021533719,0.9620101170817346,1.1040252723410515,0.8713660286433678,0.037989896531300964,1.3613035587667355e-08,0.2836688015616604,0.2471793570668076,0.27289225700276826,0.9808211366775147,29.99447128988815,2,2026-09-26T16:44:05-04:00
0.060000000000000005,0.060000000000000005,0.0,0.55,0.2,0.0,/home/eli/Grad/AI-for-photonics/Metasurface/Unit_cell_Libraries/Ellipse Pillar SiN on SiO2 532 nm KAIST/GDS Library/elliptical_pillar_rx_0.060000000000000005_ry_0.060000000000000005_theta_0.0.gds,0.72705711451636,0.6599238345545032,2.2292673005835222e-20,-9.78060750568321e-20,1.6520971063168528e-18,-1.758187969361967e-18,0.72705711451636,0.6599238345545032,2.2292673005835222e-20,-9.78060750568321e-20,0.9641115151819747,0.9641115251340148,1.106436897287633,0.8713660286433678,0.0358884304311145,-4.443487078287234e-08,0.2836688015616604,0.2471793570668076,0.2734883609065506,0.9818918042136693,42.22890642149191,2,2026-09-26T16:44:22-04:00
0.03,0.03,0.0,0.55,0.25,0.0,/home/eli/Grad/AI-for-photonics/Metasurface/Unit_cell_Libraries/Ellipse Pillar SiN on SiO2 532 nm KAIST/GDS Library/elliptical_pillar_rx_0.03_ry_0.03_theta_0.0.gds,0.7603357505073395,-0.545568142417357,-0.0,-0.0,-0.0,-0.0,0.7603357505073395,-0.545568142417357,-0.0,-0.0,0.8757550515202848,0.8757550365272385,1.005035120311173,0.8713675958468918,0.12424483311421808,-1.3035854340426312e-07,0.4432325024400942,0.3862184400524265,0.38816309636448404,0.935817851678565,324.33920526893314,2,2026-09-26T16:45:14-04:00
0.048333333333333325,0.03,90.0,0.55,0.25,0.0,/home/eli/Grad/AI-for-photonics/Metasurface/Unit_cell_Libraries/Ellipse Pillar SiN on SiO2 532 nm KAIST/GDS Library/elliptical_pillar_rx_0.048333333333333325_ry_0.03_theta_90.0.gds,0.8096667531943721,-0.47383772860227436,0.001785196124531162,0.0031452765914623906,-2.0658143261117022e-11,-9.495178208169108e-12,0.8096667531943721,-0.47383772860227436,0.001785196124531162,0.0031452765914623906,0.8800955239653188,0.8800955124189773,1.0100203663614973,0.8713641246556624,0.11990438802627226,-9.955475044343132e-08,0.44323250244009416,0.38621690150765137,0.3900869363557603,0.9381270938818892,329.66273569868974,2,2026-09-26T16:48:40-04:00
0.06666666666666665,0.03,90.0,0.55,0.25,0.0,/home/eli/Grad/AI-for-photonics/Metasurface/Unit_cell_Libraries/Ellipse Pillar SiN on SiO2 532 nm KAIST/GDS Library/elliptical_pillar_rx_0.06666666666666665_ry_0.03_theta_90.0.gds,0.8558521325295423,-0.39203002995143804,-8.635529568935163e-07,-5.255541784786809e-06,-2.613463322758673e-11,1.5013407741935745e-11,0.8558521325295423,-0.39203002995143804,-8.635529568935163e-07,-5.255541784786809e-06,0.886170417167457,0.8861704141833171,1.0169920807027784,0.8713641246556624,0.11382951491012973,-7.090655318453543e-08,0.44323250244009416,0.38621690150765137,0.39277953026684637,0.9413662502655864,335.38946707834316,2,2026-09-26T16:49:59-04:00
0.08499999999999999,0.03,90.0,0.55,0.25,0.0,/home/eli/Grad/AI-for-photonics/Metasurface/Unit_cell_Libraries/Ellipse Pillar SiN on SiO2 532 nm KAIST/GDS Library/elliptical_pillar_rx_0.08499999999999999_ry_0.03_theta_90.0.gds,0.8862716183066269,-0.3260416060890784,0.00021112241775114992,0.0014931472844247604,-7.58313199050803e-12,8.942536950488442e-12,0.8862716183066269,-0.3260416060890784,0.00021112241775114992,0.0014931472844247604,0.8917827843784814,0.891782787796235,1.0234329857780655,0.8713641246556624,0.10821715706725668,-5.513650835897721e-08,0.44323250244009416,0.38621690150765137,0.3952671166679287,0.944341310288284,339.80244032945166,2,2026-09-26T16:51:16-04:00
0.048333333333333325,0.03,0.0,0.55,0.25,0.0,/home/eli/Grad/AI-for-photonics/Metasurface/Unit_cell_Libraries/Ellipse Pillar SiN on SiO2 532 nm KAIST/GDS Library/elliptical_pillar_rx_0.048333333333333325_ry_0.03_theta_0.0.gds,0.8563968893138768,-0.39052273212514954,-0.0,-0.0,-0.0,-0.0,0.8563968893138768,-0.39052273212514954,-0.0,-0.0,0.8859236363329759,0.8859236363306363,1.0167048218835788,0.8713675958468918,0.11407628412282081,-7.954654290820429e-08,0.4432325024400942,0.3862184400524265,0.3926701503016559,0.9412351652658202,335.48669568885737,2,2026-09-26T16:51:37-04:00
0.048333333333333325,0.048333333333333325,0.0,0.55,0.25,0.0,/home/eli/Grad/AI-for-photonics/Metasurface/Unit_cell_Libraries/Ellipse Pillar SiN on SiO2 532 nm KAIST/GDS Library/elliptical_pillar_rx_0.048333333333333325_ry_0.048333333333333325_theta_0.0.gds,0.9285431581603268,-0.2029605387851729,-0.0,-0.0,-0.0,-0.0,0.9285431581603268,-0.2029605387851729,-0.0,-0.0,0.9033853768703215,0.9033853859893606,1.0367442974642067,0.8713675958468918,0.09661458750642565,-2.6504213712641445e-08,0.4432325024400942,0.3862184400524265,0.4004097652998747,0.9504658735958496,347.6702335434676,2,2026-09-26T16:51:57-04:00
0.06666666666666665,0.048333333333333325,90.0,0.55,0.25,0.0,/home/eli/Grad/AI-for-photonics/Metasurface/Unit_cell_Libraries/Ellipse Pillar SiN on SiO2 532 nm KAIST/GDS Library/elliptical_pillar_rx_0.06666666666666665_ry_0.048333333333333325_theta_90.0.gds,0.9581953755742305,-0.04062312915979908,9.7403450590635e-07,-5.416146548130353e-06,-7.071723894861108e-12,-1.4504457457977287e-11,0.9581953755742305,-0.04062312915979908,9.7403450590635e-07,-5.416146548130353e-06,0.9197886164248578,0.9197886311293225,1.0555732157240192,0.8713641246556624,0.08021139332338438,2.4452706970379268e-08,0.44323250244009416,0.38621690150765137,0.4076802166913983,0.9590561070107287,357.57237309920566,2,2026-09-26T16:53:17-04:00
0.08499999999999999,0.048333333333333325,90.0,0.55,0.25,0.0,/home/eli/Grad/AI-for-photonics/Metasurface/Unit_cell_Libraries/Ellipse Pillar SiN on SiO2 532 nm KAIST/GDS Library/elliptical_pillar_rx_0.08499999999999999_ry_0.048333333333333325_theta_90.0.gds,0.9586921895091456,0.1304167297504474,3.575455634684235e-06,-4.321596685865586e-06,4.441096328031043e-12,2.1350735253017308e-11,0.9586921895091456,0.1304167297504474,3.575455634684235e-06,-4.321596685865586e-06,0.9360992376561008,0.9360992562035468,1.0742917107970975,0.8713641246556624,0.06390076760048587,2.3804032744934034e-08,0.44323250244009416,0.38621690150765137,0.4149096158594089,0.9675222155716326,7.746740365869565,2,2026-09-26T16:54:39-04:00
0.06666666666666665,0.03,0.0,0.55,0.25,0.0,/home/eli/Grad/AI-for-photonics/Metasurface/Unit_cell_Libraries/Ellipse Pillar SiN on SiO2 532 nm KAIST/GDS Library/elliptical_pillar_rx_0.06666666666666665_ry_0.03_theta_0.0.gds,0.9418316918655265,-0.1448644133928335,-0.0004583231892620942,-0.0013229556089381447,-1.682411164780736e-11,-1.6483662074465485e-11,0.9418316918655265,-0.1448644133928335,-0.0004583231892620942,-0.0013229556089381447,0.9080345943416189,0.9080346020456567,1.0420839880279502,0.8713641246556624,0.09196537303527545,-2.4919067920237126e-08,0.44323250244009416,0.38621690150765137,0.40247044896689144,0.9529074635398391,351.2557851961748,2,2026-09-26T17:06:14-04:00
0.06666666666666665,0.048333333333333325,0.0,0.55,0.25,0.0,/home/eli/Grad/AI-for-photonics/Metasurface/Unit_cell_Libraries/Ellipse Pillar SiN on SiO2 532 nm KAIST/GDS Library/elliptical_pillar_rx_0.06666666666666665_ry_0.048333333333333325_theta_0.0.gds,0.9522691124511878,0.18720612294627814,-0.0,-0.0,-0.0,-0.0,0.9522691124511878,0.18720612294627814,-0.0,-0.0,0.9418625949971501,0.9418626121686945,1.0809015812130216,0.8713675958468918,0.05813741061440159,2.2783096076395282e-08,0.4432325024400942,0.3862184400524265,0.4174641225462944,0.9704960561471386,11.121919070366918,2,2026-09-26T17:14:56-04:00
0.06666666666666665,0.06666666666666665,0.0,0.55,0.25,0.0,/home/eli/Grad/AI-for-photonics/Metasurface/Unit_cell_Libraries/Ellipse Pillar SiN on SiO2 532 nm KAIST/GDS Library/elliptical_pillar_rx_0.06666666666666665_ry_0.06666666666666665_theta_0.0.gds,0.857755528979777,0.474104981934039,-0.0,-0.0,-0.0,-0.0,0.857755528979777,0.474104981934039,-0.0,-0.0,0.9605200813900526,0.9605200995539382,1.1023133108598078,0.8713675958468918,0.03947988972008021,-1.072598154738813e-08,0.4432325024400942,0.3862184400524265,0.4257337273693005,0.9800612641003891,28.930631302074094,2,2026-09-26T17:15:18-04:00
0.08499999999999999,0.06666666666666665,90.0,0.55,0.25,0.0,/home/eli/Grad/AI-for-photonics/Metasurface/Unit_cell_Libraries/Ellipse Pillar SiN on SiO2 532 nm KAIST/GDS Library/elliptical_pillar_rx_0.08499999999999999_ry_0.06666666666666665_theta_90.0.gds,0.6748504229508647,0.710931488789705,5.221336876621774e-06,-2.105911440871193e-06,2.1729532272210864e-11,-1.5414191822583366e-11,0.6748504229508647,0.710931488789705,5.221336876621774e-06,-2.105911440871193e-06,0.9608466751414046,0.9608466829424868,1.1026924976079149,0.8713641246556624,0.03915325797200252,-5.908551070632484e-08,0.44323250244009416,0.38621690150765137,0.42587847974186216,0.9802278689721627,46.49145101583921,2,2026-09-26T17:19:08-04:00
0.08499999999999999,0.03,0.0,0.55,0.25,0.0,/home/eli/Grad/AI-for-photonics/Metasurface/Unit_cell_Libraries/Ellipse Pillar SiN on SiO2 532 nm KAIST/GDS Library/elliptical_pillar_rx_0.08499999999999999_ry_0.03_theta_0.0.gds,0.9555504411597985,0.160083589348583,-0.00021190528786468703,-0.0015059722042424038,3.143822434706524e-12,-1.0650267312826278e-11,0.9555504411597985,0.160083589348583,-0.00021190528786468703,-0.0015059722042424038,0.9387057140355421,0.938705724231485,1.0772829609004548,0.8713641246556624,0.06129432920826877,5.3439753733286466e-08,0.44323250244009416,0.38621690150765137,0.416064887205962,0.9688670709542209,9.51045697561798,2,2026-09-26T17:56:33-04:00
0.08499999999999999,0.048333333333333325,0.0,0.55,0.25,0.0,/home/eli/Grad/AI-for-photonics/Metasurface/Unit_cell_Libraries/Ellipse Pillar SiN on SiO2 532 nm KAIST/GDS Library/elliptical_pillar_rx_0.08499999999999999_ry_0.048333333333333325_theta_0.0.gds,0.7566665803442493,0.627998290063538,-0.0,-0.0,-0.0,-0.0,0.7566665803442493,0.627998290063538,-0.0,-0.0,0.966926166132588,0.9669261751981524,1.109665059622037,0.8713675958468918,0.03307376561158315,-5.919026446754572e-08,0.4432325024400942,0.3862184400524265,0.428573108307906,0.983324039232535,39.69110517331444,2,2026-09-26T17:56:56-04:00
0.08499999999999999,0.06666666666666665,0.0,0.55,0.25,0.0,/home/eli/Grad/AI-for-photonics/Metasurface/Unit_cell_Libraries/Ellipse Pillar SiN on SiO2 532 nm KAIST/GDS Library/elliptical_pillar_rx_0.08499999999999999_ry_0.06666666666666665_theta_0.0.gds,0.39136264423654976,0.88950884138161,-1.6770175582535253e-20,8.426023660987717e-21,8.559503394762781e-19,1.5875539579053498e-18,0.39136264423654976,0.88950884138161,-1.6770175582535253e-20,8.426023660987717e-21,0.9443906981998785,0.9443906928046235,1.0838028603608558,0.8713675958468918,0.05560917019666544,-1.3699871104222439e-07,0.4432325024400942,0.3862184400524265,0.41858465005292755,0.971797663199433,66.251652059694,2,2026-09-26T17:57:18-04:00
0.08499999999999999,0.08499999999999999,0.0,0.55,0.25,0.0,/home/eli/Grad/AI-for-photonics/Metasurface/Unit_cell_Libraries/Ellipse Pillar SiN on SiO2 532 nm KAIST/GDS Library/elliptical_pillar_rx_0.08499999999999999_ry_0.08499999999999999_theta_0.0.gds,0.004869735810877658,0.9512918503751931,-0.0,-0.0,-0.0,-0.0,0.004869735810877658,0.9512918503751931,-0.0,-0.0,0.9049798989171266,0.904979876309194,1.0385741684938765,0.8713675958468918,0.0950199320307021,-1.9166010389870536e-07,0.4432325024400942,0.3862184400524265,0.401116495234451,0.9513043145687539,89.70670108017671,2,2026-09-26T17:57:41-04:00
0.03,0.03,0.0,0.55,0.3,0.0,/home/eli/Grad/AI-for-photonics/Metasurface/Unit_cell_Libraries/Ellipse Pillar SiN on SiO2 532 nm KAIST/GDS Library/elliptical_pillar_rx_0.03_ry_0.03_theta_0.0.gds,0.7272311601003488,-0.5874709350097332,-0.0,-0.0,-0.0,-0.0,0.7272311601003488,-0.5874709350097332,-0.0,-0.0,0.8739872597021096,0.8739872410856029,1.0030102962033323,0.8713641768124247,0.12601260648653415,-1.5242786299829447e-07,0.6382548035137333,0.5561523714603201,0.5578265548326014,0.9348728575063614,321.0680738058031,2,2026-09-26T17:58:55-04:00
0.05666666666666666,0.03,90.0,0.55,0.3,0.0,/home/eli/Grad/AI-for-photonics/Metasurface/Unit_cell_Libraries/Ellipse Pillar SiN on SiO2 532 nm KAIST/GDS Library/elliptical_pillar_rx_0.05666666666666666_ry_0.03_theta_90.0.gds,0.7811068061087725,-0.5172932549425328,-9.357935048005194e-19,-5.124583477754827e-19,-1.6310822212285734e-12,1.3005995496681288e-12,0.7811068061087725,-0.5172932549425328,-9.357935048005194e-19,-5.124583477754827e-19,0.8777201541584877,0.8777201481925712,1.0072942766633017,0.8713641768124113,0.12227973732547716,-1.1448195169627695e-07,0.6382548035137439,0.5561523714603207,0.5602091007247036,0.9368672019867531,326.4852137967631,2,2026-09-26T18:13:35-04:00
0.08333333333333331,0.03,90.0,0.55,0.3,0.0,/home/eli/Grad/AI-for-photonics/Metasurface/Unit_cell_Libraries/Ellipse Pillar SiN on SiO2 532 nm KAIST/GDS Library/elliptical_pillar_rx_0.08333333333333331_ry_0.03_theta_90.0.gds,0.8268701413843023,-0.44597007065805616,4.734664567274109e-20,-4.318219844741308e-20,-3.6811358397732805e-20,2.989855541402763e-19,0.8268701413843023,-0.44597007065805616,4.734664567274109e-20,-4.318219844741308e-20,0.8826035346356476,0.8826035301098593,1.0128985716839423,0.8713641768124247,0.11739637652289778,-9.336724293707022e-08,0.6382548035137333,0.5561523714603201,0.5633259426907956,0.9394698157129092,331.65992135636736,2,2026-09-26T18:14:03-04:00
0.10999999999999999,0.03,90.0,0.55,0.3,0.0,/home/eli/Grad/AI-for-photonics/Metasurface/Unit_cell_Libraries/Ellipse Pillar SiN on SiO2 532 nm KAIST/GDS Library/elliptical_pillar_rx_0.10999999999999999_ry_0.03_theta_90.0.gds,0.8654756392814367,-0.37329282968558336,3.3509552724570095e-18,4.622346134609425e-18,-1.5929805018835563e-12,1.809353703691099e-12,0.8654756392814367,-0.37329282968558336,3.3509552724570095e-18,4.622346134609425e-18,0.8883956188842813,0.8883956192438534,1.0195457225401965,0.8713641768124113,0.11160431054464835,-7.021149828201345e-08,0.6382548035137439,0.5561523714603207,0.5670227714029564,0.9425474093563047,336.66872738240744,2,2026-09-26T18:16:36-04:00
0.05666666666666666,0.03,0.0,0.55,0.3,0.0,/home/eli/Grad/AI-for-photonics/Metasurface/Unit_cell_Libraries/Ellipse Pillar SiN on SiO2 532 nm KAIST/GDS Library/elliptical_pillar_rx_0.05666666666666666_ry_0.03_theta_0.0.gds,0.8503151110511281,-0.4027087665186044,-1.1514188236346446e-28,1.9989923983986956e-28,-0.0,-0.0,0.8503151110511281,-0.4027087665186044,-1.1514188236346446e-28,1.9989923983986956e-28,0.8852101387128283,0.8852101371364838,1.015889981126731,0.8713641768124247,0.11479261762505107,2.754761534884409e-06,0.6382548035137333,0.5561523714603201,0.5649896221464114,0.9408560669479834,334.65779076324054,2,2026-09-26T18:17:08-04:00
0.05666666666666666,0.05666666666666666,0.0,0.55,0.3,0.0,/home/eli/Grad/AI-for-photonics/Metasurface/Unit_cell_Libraries/Ellipse Pillar SiN on SiO2 532 nm KAIST/GDS Library/elliptical_pillar_rx_0.05666666666666666_ry_0.05666666666666666_theta_0.0.gds,0.9343713270894588,-0.18267938532188477,-0.0,-0.0,-0.0,-0.0,0.9343713270894588,-0.18267938532188477,-0.0,-0.0,0.906421534708498,0.906421543418093,1.0402327379740501,0.8713641768124247,0.09357843443957892,-2.214232808217531e-08,0.6382548035137333,0.5561523714603201,0.5785279040949298,0.9520617284128682,348.93761685766725,2,2026-09-26T18:17:40-04:00
0.08333333333333331,0.05666666666666666,90.0,0.55,0.3,0.0,/home/eli/Grad/AI-for-photonics/Metasurface/Unit_cell_Libraries/Ellipse Pillar SiN on SiO2 532 nm KAIST/GDS Library/elliptical_pillar_rx_0.08333333333333331_ry_0.05666666666666666_theta_90.0.gds,0.9629249251442145,0.06421213490886933,-4.3203651680479715e-20,3.996041855983277e-20,1.7905757332808083e-19,-3.8206548347943164e-19,0.9629249251442145,0.06421213490886933,-4.3203651680479715e-20,3.996041855983277e-20,0.9313476097335458,0.9313476251152719,1.0688385521221164,0.8713641768124247,0.06865239082324212,1.5938514064117726e-08,0.6382548035137333,0.5561523714603201,0.59443709547093,0.9650635262683726,3.815090175550056,2,2026-09-26T18:18:11-04:00
0.10999999999999999,0.05666666666666666,90.0,0.55,0.3,0.0,/home/eli/Grad/AI-for-photonics/Metasurface/Unit_cell_Libraries/Ellipse Pillar SiN on SiO2 532 nm KAIST/GDS Library/elliptical_pillar_rx_0.10999999999999999_ry_0.05666666666666666_theta_90.0.gds,0.9333442490606619,0.27900822051301927,-0.0,-0.0,-0.0,-0.0,0.9333442490606619,0.27900822051301927,-0.0,-0.0,0.9489770743684525,0.9489770936491853,1.0890705848393718,0.8713641768124247,0.051022907883048946,1.5322341173629184e-09,0.6382548035137333,0.5561523714603201,0.6056891884460944,0.9741545433700202,16.643187430211146,2,2026-09-26T18:18:44-04:00
0.08333333333333331,0.03,0.0,0.55,0.3,0.0,/home/eli/Grad/AI-for-photonics/Metasurface/Unit_cell_Libraries/Ellipse Pillar SiN on SiO2 532 nm KAIST/GDS Library/elliptical_pillar_rx_0.08333333333333331_ry_0.03_theta_0.0.gds,0.944344217820824,-0.1335165874189797,-0.0,-0.0,-0.0,-0.0,0.944344217820824,-0.1335165874189797,-0.0,-0.0,0.9096126808476338,0.9096126944295834,1.0438949851680581,0.8713641768124247,0.09038731141634564,5.845929074155265e-09,0.6382548035137333,0.5561523714603201,0.5805646715567513,0.9537361694135511,351.95254668650193,2,2026-09-26T18:19:16-04:00
0.08333333333333331,0.05666666666666666,0.0,0.55,0.3,0.0,/home/eli/Grad/AI-for-photonics/Metasurface/Unit_cell_Libraries/Ellipse Pillar SiN on SiO2 532 nm KAIST/GDS Library/elliptical_pillar_rx_0.08333333333333331_ry_0.05666666666666666_theta_0.0.gds,0.8935967963352843,0.4012419719357256,-0.0,-0.0,-0.0,-0.0,0.8935967963352843,0.4012419719357256,-0.0,-0.0,0.9595103544635532,0.9595103668306281,1.1011588407738482,0.8713641768124247,0.04048962662261498,-6.546756914360685e-09,0.6382548035137333,0.5561523714603201,0.6124121006508727,0.9795459940521186,24.180987951606635,2,2026-09-26T18:19:51-04:00
0.08333333333333331,0.08333333333333331,0.0,0.55,0.3,0.0,/home/eli/Grad/AI-for-photonics/Metasurface/Unit_cell_Libraries/Ellipse Pillar SiN on SiO2 532 nm KAIST/GDS Library/elliptical_pillar_rx_0.08333333333333331_ry_0.08333333333333331_theta_0.0.gds,0.586941496355418,0.7837574994478866,-0.0,-0.0,-0.0,-0.0,0.586941496355418,0.7837574994478866,-0.0,-0.0,0.9587761380847412,0.9587761432540861,1.1003162268632924,0.8713641768124247,0.041223747894721934,-1.0885119194892212e-07,0.6382548035137333,0.5561523714603201,0.6119434789262918,0.9791711485152844,53.171138777404224,2,2026-09-26T18:20:24-04:00
0.10999999999999999,0.08333333333333331,90.0,0.55,0.3,0.0,/home/eli/Grad/AI-for-photonics/Metasurface/Unit_cell_Libraries/Ellipse Pillar SiN on SiO2 532 nm KAIST/GDS Library/elliptical_pillar_rx_0.10999999999999999_ry_0.08333333333333331_theta_90.0.gds,0.1945564901130748,0.9403025577634073,-5.823703816738181e-21,5.8561191541499426e-21,-6.6554427904696595e-19,-9.228128120933391e-19,0.1945564901130748,0.9403025577634073,-5.823703816738181e-21,5.8561191541499426e-21,0.9220211279815249,0.9220211154391722,1.0581352091063208,0.8713641768124247,0.07797870905091056,-1.7550991726622556e-07,0.6382548035137333,0.5561523714603201,0.5884844058701421,0.960219312439364,78.3099802820937,2,2026-09-26T18:20:59-04:00
0.10999999999999999,0.03,0.0,0.55,0.3,0.0,/home/eli/Grad/AI-for-photonics/Metasurface/Unit_cell_Libraries/Ellipse Pillar SiN on SiO2 532 nm KAIST/GDS Library/elliptical_pillar_rx_0.10999999999999999_ry_0.03_theta_0.0.gds,0.9424693421624609,0.2336924101416225,-0.0,-0.0,-0.0,-0.0,0.9424693421624609,0.2336924101416225,-0.0,-0.0,0.9428606034739421,0.9428599005372479,1.0820503362742828,0.8713641768124247,0.05746665174948222,0.0003265522867301751,0.6382548035137333,0.5561523714603201,0.6017848605583793,0.9710100944243278,13.926051842596014,2,2026-09-26T18:21:31-04:00
0.10999999999999999,0.05666666666666666,0.0,0.55,0.3,0.0,/home/eli/Grad/AI-for-photonics/Metasurface/Unit_cell_Libraries/Ellipse Pillar SiN on SiO2 532 nm KAIST/GDS Library/elliptical_pillar_rx_0.10999999999999999_ry_0.05666666666666666_theta_0.0.gds,0.39930479285081366,0.8892876282388801,-0.0,-0.0,-0.0,-0.0,0.39930479285081366,0.8892876282388801,-0.0,-0.0,0.9502768033323639,0.9502767909795561,1.0905621510122265,0.8713641768124247,0.049723064985140904,-1.440353030179864e-07,0.6382548035137333,0.5561523714603201,0.6065187265103176,0.974821421252305,65.8191343296307,2,2026-09-26T18:22:07-04:00
0.10999999999999999,0.08333333333333331,0.0,0.55,0.3,0.0,/home/eli/Grad/AI-for-photonics/Metasurface/Unit_cell_Libraries/Ellipse Pillar SiN on SiO2 532 nm KAIST/GDS Library/elliptical_pillar_rx_0.10999999999999999_ry_0.08333333333333331_theta_0.0.gds,-0.27973449593984895,0.8988018624852412,-0.0,-0.0,-0.0,-0.0,-0.27973449593984895,0.8988018624852412,-0.0,-0.0,0.8860961762256598,0.8860961247474366,1.016906763356859,0.8713641768124247,0.11390368794328583,-1.8730927753285442e-07,0.6382548035137333,0.5561523714603201,0.5655551079949557,0.9413268169056164,107.28773165793916,2,2026-09-26T18:22:43-04:00
0.10999999999999999,0.10999999999999999,0.0,0.55,0.3,0.0,/home/eli/Grad/AI-for-photonics/Metasurface/Unit_cell_Libraries/Ellipse Pillar SiN on SiO2 532 nm KAIST/GDS Library/elliptical_pillar_rx_0.10999999999999999_ry_0.10999999999999999_theta_0.0.gds,-0.6993370591771465,0.632286939600436,5.632755825819743e-20,-1.7200586446419142e-21,-6.573010880187928e-20,-5.980381935535275e-19,-0.6993370591771465,0.632286939600436,5.632755825819743e-20,-1.7200586446419142e-21,0.8888590963278251,0.8888590088548469,1.020077520407622,0.8713641768124247,0.11114085271437565,-1.3843077739661425e-07,0.6382548035137333,0.5561523714603201,0.567318532048062,0.9427932415582035,137.88253076014013,2,2026-09-26T18:23:20-04:00
0.03,0.03,0.0,0.55,0.35,0.0,/home/eli/Grad/AI-for-photonics/Metasurface/Unit_cell_Libraries/Ellipse Pillar SiN on SiO2 532 nm KAIST/GDS Library/elliptical_pillar_rx_0.03_ry_0.03_theta_0.0.gds,0.704355065181261,-0.6140188119415165,-0.0,-0.0,-0.0,-0.0,0.704355065181261,-0.6140188119415165,-0.0,-0.0,0.87313515926457,0.8731351411656126,1.0020326487399112,0.8713639643015711,0.12686469879732495,-1.6003706237999182e-07,0.8687357047825826,0.7569849876496705,0.7585236722309482,0.9344170157186619,318.9198351900984,2,2026-09-26T18:25:15-04:00
0.065,0.03,90.0,0.55,0.35,0.0,/home/eli/Grad/AI-for-photonics/Metasurface/Unit_cell_Libraries/Ellipse Pillar SiN on SiO2 532 nm KAIST/GDS Library/elliptical_pillar_rx_0.065_ry_0.03_theta_90.0.gds,0.7628951401404709,-0.542873604725063,1.0187508767970306e-20,1.7858680161229453e-20,-3.978415383502887e-19,4.397519714631331e-19,0.7628951401404709,-0.542873604725063,1.0187508767970306e-20,1.7858680161229453e-20,0.8767207455571325,0.8767207411973451,1.0061475768051387,0.8713639643015711,0.12327913354454277,-1.2525811210473137e-07,0.8687357047825826,0.7569849876496705,0.7616386110015838,0.9363336721260923,324.5644737539047,2,2026-09-26T18:26:00-04:00
0.09999999999999999,0.03,90.0,0.55,0.35,0.0,/home/eli/Grad/AI-for-photonics/Metasurface/Unit_cell_Libraries/Ellipse Pillar SiN on SiO2 532 nm KAIST/GDS Library/elliptical_pillar_rx_0.09999999999999999_ry_0.03_theta_90.0.gds,0.8077330484255184,-0.47813196298389105,-0.00036129726874695325,-0.0009283898134346359,-4.501848398126877e-19,4.841465630967077e-19,0.8077330484255184,-0.47813196298389105,-0.00036129726874695325,-0.0009283898134346359,0.8810438439889718,0.8810438605079658,1.0111089012203676,0.871363964301552,0.11895603693240495,-1.0255962923366724e-07,0.8687357047826038,0.7569849876496724,0.7653942591027737,0.9386388291273752,329.37688361183643,2,2026-09-26T18:35:25-04:00
0.13499999999999998,0.03,90.0,0.55,0.35,0.0,/home/eli/Grad/AI-for-photonics/Metasurface/Unit_cell_Libraries/Ellipse Pillar SiN on SiO2 532 nm KAIST/GDS Library/elliptical_pillar_rx_0.13499999999999998_ry_0.03_theta_90.0.gds,0.8487155751781819,-0.40773899402646635,5.315014386599335e-19,8.382432608316702e-19,3.0989243665487357e-11,1.719450310465552e-10,0.8487155751781819,-0.40773899402646635,5.315014386599335e-19,8.382432608316702e-19,0.8865692147997468,0.8865692542606015,1.0174499871259164,0.871363964301552,0.11343064841042504,-9.732897343628366e-08,0.8687357047826038,0.7569849876496724,0.7701943659386711,0.9415780449860472,334.33949102941466,2,2026-09-26T18:39:19-04:00
0.065,0.03,0.0,0.55,0.35,0.0,/home/eli/Grad/AI-for-photonics/Metasurface/Unit_cell_Libraries/Ellipse Pillar SiN on SiO2 532 nm KAIST/GDS Library/elliptical_pillar_rx_0.065_ry_0.03_theta_0.0.gds,0.8382846422377164,-0.42609307477904185,-0.0,-0.0,-0.0,-0.0,0.8382846422377164,-0.42609307477904185,-0.0,-0.0,0.8842764497862743,0.8842764350666458,1.01481868805009,0.8713639643015711,0.11572346948365456,-9.544969969965678e-08,0.8687357047825826,0.7569849876496705,0.7682025120402521,0.940359744877605,333.05614996819844,2,2026-09-26T18:40:04-04:00
0.065,0.065,0.0,0.55,0.35,0.0,/home/eli/Grad/AI-for-photonics/Metasurface/Unit_cell_Libraries/Ellipse Pillar SiN on SiO2 532 nm KAIST/GDS Library/elliptical_pillar_rx_0.065_ry_0.065_theta_0.0.gds,0.951070239381732,-0.10896486669985879,-7.701696574584152e-21,8.749244730164172e-21,-6.344423987274685e-19,3.050294267844432e-19,0.951070239381732,-0.10896486669985879,-7.701696574584152e-21,8.749244730164172e-21,0.9164079424125429,0.9164079243849613,1.0516936227899836,0.8713639643015711,0.08359205267618391,-2.2938854815635068e-08,0.8687357047825826,0.7569849876496705,0.796116284058913,0.957291983886078,353.46407583599233,2,2026-09-26T18:40:52-04:00
0.09999999999999999,0.065,90.0,0.55,0.35,0.0,/home/eli/Grad/AI-for-photonics/Metasurface/Unit_cell_Libraries/Ellipse Pillar SiN on SiO2 532 nm KAIST/GDS Library/elliptical_pillar_rx_0.09999999999999999_ry_0.065_theta_90.0.gds,0.9497834900706178,0.21351658332487541,-1.3338487987250397e-20,1.0180324619974787e-20,5.742271652807606e-19,-6.933430640244689e-19,0.9497834900706178,0.21351658332487541,-1.3338487987250397e-20,1.0180324619974787e-20,0.9476780093654519,0.9476779944218515,1.0875799703071825,0.8713639643015711,0.05232201453409043,8.9559419880203e-09,0.8687357047825826,0.7569849876496705,0.8232817103910115,0.9734875496715157,12.669777779873636,2,2026-09-26T18:41:38-04:00
0.13499999999999998,0.065,90.0,0.55,0.35,0.0,/home/eli/Grad/AI-for-photonics/Metasurface/Unit_cell_Libraries/Ellipse Pillar SiN on SiO2 532 nm KAIST/GDS Library/elliptical_pillar_rx_0.13499999999999998_ry_0.065_theta_90.0.gds,0.8491033694605866,0.49130619509952117,7.458072545922341e-19,-2.4079127686428332e-18,-2.7580786334613743e-11,2.0077960882755616e-11,0.8491033694605866,0.49130619509952117,7.458072545922341e-19,-2.4079127686428332e-18,0.9623583093724901,0.9623583168914558,1.104427491057472,0.871363964301552,0.03764167809775801,-5.010786230386088e-09,0.8687357047826038,0.7569849876496724,0.8360350306780991,0.9809986286292607,30.05443173261251,2,2026-09-26T18:53:44-04:00
0.09999999999999999,0.03,0.0,0.55,0.35,0.0,/home/eli/Grad/AI-for-photonics/Metasurface/Unit_cell_Libraries/Ellipse Pillar SiN on SiO2 532 nm KAIST/GDS Library/elliptical_pillar_rx_0.09999999999999999_ry_0.03_theta_0.0.gds,0.9478909134015961,-0.1171919788353881,0.0003622435205990624,0.0009272922902363406,-3.020918093077278e-19,-3.2901997616255934e-19,0.9478909134015961,-0.1171919788353881,0.0003622435205990624,0.0009272922902363406,0.9122321347040261,0.9122320774263768,1.0469013119650672,0.871363964301552,0.08776789371865988,-2.885496330762294e-08,0.8687357047826038,0.7569849876496724,0.7924885767083022,0.9551079224949746,352.9520326871966,2,2026-09-26T18:57:16-04:00
0.09999999999999999,0.065,0.0,0.55,0.35,0.0,/home/eli/Grad/AI-for-photonics/Metasurface/Unit_cell_Libraries/Ellipse Pillar SiN on SiO2 532 nm KAIST/GDS Library/elliptical_pillar_rx_0.09999999999999999_ry_0.065_theta_0.0.gds,0.6961248354370178,0.697061858442961,1.681410008765822e-20,-8.20512633502101e-21,-1.1714232917026863e-19,5.456283403905916e-19,0.6961248354370178,0.697061858442961,1.681410008765822e-20,-8.20512633502101e-21,0.9704850210081697,0.9704848457962801,1.1137537074695967,0.8713639643015711,0.02951508017302263,-7.40306972391025e-08,0.8687357047825826,0.7569849876496705,0.8430948364936474,0.9851319815172837,45.038535722231444,2,2026-09-26T18:57:59-04:00
0.09999999999999999,0.09999999999999999,0.0,0.55,0.35,0.0,/home/eli/Grad/AI-for-photonics/Metasurface/Unit_cell_Libraries/Ellipse Pillar SiN on SiO2 532 nm KAIST/GDS Library/elliptical_pillar_rx_0.09999999999999999_ry_0.09999999999999999_theta_0.0.gds,0.009791902675460188,0.9546096624415887,1.1632133519204786e-20,2.872071093753059e-20,6.609017536242431e-19,-2.952993652595302e-19,0.009791902675460188,0.9546096624415887,1.1632133519204786e-20,2.872071093753059e-20,0.9113754889848495,0.9113752674121948,1.0459180144575912,0.8713639643015711,0.08862451080487947,-2.2178292580221637e-07,0.8687357047825826,0.7569849876496705,0.7917442352567476,0.9546598813110613,89.41230950892367,2,2026-09-26T18:58:42-04:00
0.13499999999999998,0.09999999999999999,90.0,0.55,0.35,0.0,/home/eli/Grad/AI-for-photonics/Metasurface/Unit_cell_Libraries/Ellipse Pillar SiN on SiO2 532 nm KAIST/GDS Library/elliptical_pillar_rx_0.13499999999999998_ry_0.09999999999999999_theta_90.0.gds,-0.47111852660137155,0.81032436850654,2.517534914061462e-20,-2.0358240838024322e-20,-1.6080906928285879e-19,5.305775637247082e-19,-0.47111852660137155,0.81032436850654,2.517534914061462e-20,-2.0358240838024322e-20,0.87857824830257,0.8785859484795457,1.0082881373040982,0.8713639643015711,0.12060617300874125,-0.0008078785117130449,0.8687357047825826,0.7569849876496705,0.763258983164452,0.9373250494372644,120.1735045832708,2,2026-09-26T18:59:25-04:00
0.13499999999999998,0.03,0.0,0.55,0.35,0.0,/home/eli/Grad/AI-for-photonics/Metasurface/Unit_cell_Libraries/Ellipse Pillar SiN on SiO2 532 nm KAIST/GDS Library/elliptical_pillar_rx_0.13499999999999998_ry_0.03_theta_0.0.gds,0.9320889679012531,0.28860327196234115,-0.00015195381779417957,-0.0012770843365556455,6.25481054478752e-19,4.695092279780268e-19,0.9320889679012531,0.28860327196234115,-0.00015195381779417957,-0.0012770843365556455,0.9520833467049578,0.952083225413537,1.0926355282280764,0.871363964301552,0.047916788045066,1.345860289880818e-08,0.8687357047826038,0.7569849876496724,0.8271086918413236,0.9757467359261789,17.204125061994546,2,2026-09-26T19:02:47-04:00
0.13499999999999998,0.065,0.0,0.55,0.35,0.0,/home/eli/Grad/AI-for-photonics/Metasurface/Unit_cell_Libraries/Ellipse Pillar SiN on SiO2 532 nm KAIST/GDS Library/elliptical_pillar_rx_0.13499999999999998_ry_0.065_theta_0.0.gds,-0.16575589540278712,0.9320348155034196,1.1069996441273171e-26,-1.9218757138738033e-26,-0.0,-0.0,-0.16575589540278712,0.9320348155034196,1.1069996441273171e-26,-1.9218757138738033e-26,0.8961639141712731,0.8961652868661546,1.0284626442917715,0.8713639643015711,0.10391397905597405,7.926592212870176e-05,0.8687357047825826,0.7569849876496705,0.778530782087354,0.9466593443109687,100.08422206811021,2,2026-09-26T19:03:28-04:00
0.13499999999999998,0.09999999999999999,0.0,0.55,0.35,0.0,/home/eli/Grad/AI-for-photonics/Metasurface/Unit_cell_Libraries/Ellipse Pillar SiN on SiO2 532 nm KAIST/GDS Library/elliptical_pillar_rx_0.13499999999999998_ry_0.09999999999999999_theta_0.0.gds,-0.8637753781772737,0.416421330393562,-0.0,-0.0,3.8437514277476067e-26,2.2139992882546343e-26,-0.8637753781772737,0.416421330393562,-0.0,-0.0,0.9195146283520362,0.9195144284357503,1.055258727818488,0.8713639643015711,0.08048547928420165,-9.228004804739953e-08,0.8687357047825826,0.7569849876496705,0.7988150150448851,0.9589132538201963,154.261541298865,2,2026-09-26T19:04:12-04:00
0.13499999999999998,0.13499999999999998,0.0,0.55,0.35,0.0,/home/eli/Grad/AI-for-photonics/Metasurface/Unit_cell_Libraries/Ellipse Pillar SiN on SiO2 532 nm KAIST/GDS Library/elliptical_pillar_rx_0.13499999999999998_ry_0.13499999999999998_theta_0.0.gds,-0.9757601710035677,-0.18218641101296587,-0.0,-0.0,-0.0,-0.0,-0.9757601710035677,-0.18218641101296587,-0.0,-0.0,0.985299799674697,0.9853000682426728,1.1307560429497743,0.8713639643015711,0.014695983414313224,-3.9483430139819475e-06,0.8687357047825826,0.7569849876496705,0.8559653492071251,0.9926226874672456,190.57604912086344,2,2026-09-26T19:05:00-04:00
0.03,0.03,0.0,0.6,0.2,0.0,/home/eli/Grad/AI-for-photonics/Metasurface/Unit_cell_Libraries/Ellipse Pillar SiN on SiO2 532 nm KAIST/GDS Library/elliptical_pillar_rx_0.03_ry_0.03_theta_0.0.gds,0.8395431891189294,-0.4370114962893428,5.576870275242479e-20,5.899062340274004e-20,2.1399143486670978e-19,6.585208818074332e-19,0.8395431891189294,-0.4370114962893428,5.576870275242479e-20,5.899062340274004e-20,0.895811814285033,0.8958118232935013,1.0280542815914038,0.8713662686242652,0.10418820858988602,3.18833872636759e-08,0.28366879636938713,0.2471794206175294,0.2541138616871336,0.9464733563524295,332.5014511643391,2,2026-09-26T19:05:38-04:00
0.04,0.03,90.0,0.6,0.2,0.0,/home/eli/Grad/AI-for-photonics/Metasurface/Unit_cell_Libraries/Ellipse Pillar SiN on SiO2 532 nm KAIST/GDS Library/elliptical_pillar_rx_0.04_ry_0.03_theta_90.0.gds,0.8781395883863085,-0.3629869323728474,-0.0,0.0,6.146434956507318e-26,-4.207202328181897e-27,0.8781395883863085,-0.3629869323728474,-0.0,0.0,0.9028886497647254,0.9028886639704209,1.036175826952682,0.8713662686242652,0.09711138649532193,5.046574291789341e-08,0.28366879636938713,0.2471794206175294,0.25612134056405333,0.9502045304905283,337.54180331591647,2,2026-09-26T19:05:55-04:00
0.05,0.03,90.0,0.6,0.2,0.0,/home/eli/Grad/AI-for-photonics/Metasurface/Unit_cell_Libraries/Ellipse Pillar SiN on SiO2 532 nm KAIST/GDS Library/elliptical_pillar_rx_0.05_ry_0.03_theta_90.0.gds,0.9127590473911795,-0.27835864971855573,-2.69213626763817e-20,4.305371686325369e-20,4.783375662802131e-19,1.6585667164963234e-18,0.9127590473911795,-0.27835864971855573,-2.69213626763817e-20,4.305371686325369e-20,0.9106126164675912,0.9106126382016575,1.0450400376862825,0.8713662686242652,0.08938739521332907,3.341498655551334e-08,0.28366879636938713,0.2471794206175294,0.2583123910374164,0.9542602456707453,343.04018125650805,2,2026-09-26T19:06:11-04:00
0.060000000000000005,0.03,90.0,0.6,0.2,0.0,/home/eli/Grad/AI-for-photonics/Metasurface/Unit_cell_Libraries/Ellipse Pillar SiN on SiO2 532 nm KAIST/GDS Library/elliptical_pillar_rx_0.060000000000000005_ry_0.03_theta_90.0.gds,0.9389866501024761,-0.18930027680380287,1.1420213336159304e-19,8.29053905947807e-20,-1.5578722199896887e-19,-1.6437188333337296e-19,0.9389866501024761,-0.18930027680380287,1.1420213336159304e-19,8.29053905947807e-20,0.9175305238686662,0.9175305412727031,1.0529791825902592,0.8713662686242652,0.08246946555344302,6.82614609281984e-09,0.28366879636938713,0.2471794206175294,0.26027478427497996,0.9578781362306305,348.6019140428525,2,2026-09-26T19:06:27-04:00
0.04,0.03,0.0,0.6,0.2,0.0,/home/eli/Grad/AI-for-photonics/Metasurface/Unit_cell_Libraries/Ellipse Pillar SiN on SiO2 532 nm KAIST/GDS Library/elliptical_pillar_rx_0.04_ry_0.03_theta_0.0.gds,0.9071528746884856,-0.29381927057358603,-0.0,0.0,-2.1036011640909484e-27,-3.073217478253659e-26,0.9071528746884856,-0.29381927057358603,-0.0,0.0,0.9092561018159775,0.9092561229251207,1.0434832695103942,0.8713662686242652,0.09074390662567935,2.9550800029198854e-08,0.28366879636938713,0.2471794206175294,0.2579275899816645,0.9535492131064749,342.05329242011095,2,2026-09-26T19:06:43-04:00
0.04,0.04,0.0,0.6,0.2,0.0,/home/eli/Grad/AI-for-photonics/Metasurface/Unit_cell_Libraries/Ellipse Pillar SiN on SiO2 532 nm KAIST/GDS Library/elliptical_pillar_rx_0.04_ry_0.04_theta_0.0.gds,0.9458428486166328,-0.15915344943266935,-0.0,0.0,-8.414404656363794e-27,-1.2292869913014635e-25,0.9458428486166328,-0.15915344943266935,-0.0,0.0,0.9199485147455438,0.9199485302833091,1.055754122472226,0.8713662686242652,0.08005153770739272,6.799070195739887e-08,0.28366879636938713,0.2471794206175294,0.260960692307253,0.9591394657428834,350.44852743429215,2,2026-09-26T19:07:01-04:00
0.05,0.04,90.0,0.6,0.2,0.0,/home/eli/Grad/AI-for-photonics/Metasurface/Unit_cell_Libraries/Ellipse Pillar SiN on SiO2 532 nm KAIST/GDS Library/elliptical_pillar_rx_0.05_ry_0.04_theta_90.0.gds,0.9625343888547016,-0.027769384137205907,-0.0,0.0,4.207202328181897e-27,6.146434956507318e-26,0.9625343888547016,-0.027769384137205907,-0.0,0.0,0.9272435884232535,0.9272436032106627,1.0641261161906324,0.8713662686242652,0.07275644814910133,5.1359763997282926e-08,0.28366879636938713,0.2471794206175294,0.2630300768639823,0.9629348827533737,358.3474592558789,2,2026-09-26T19:07:18-04:00
0.060000000000000005,0.04,90.0,0.6,0.2,0.0,/home/eli/Grad/AI-for-photonics/Metasurface/Unit_cell_Libraries/Ellipse Pillar SiN on SiO2 532 nm KAIST/GDS Library/elliptical_pillar_rx_0.060000000000000005_ry_0.04_theta_90.0.gds,0.9611923824153126,0.08343566085497814,1.01831203437195e-19,3.322393441827838e-20,-1.2504878034351197e-18,8.391178528998201e-19,0.9611923824153126,0.08343566085497814,1.01831203437195e-19,3.322393441827838e-20,0.9308523055155314,0.9308523180002872,1.0682675604025158,0.8713662686242652,0.06914769062117423,8.6214615446778e-09,0.28366879636938713,0.2471794206175294,0.26405375664479547,0.9648068747244349,4.961086116470284,2,2026-09-26T19:07:34-04:00
0.05,0.03,0.0,0.6,0.2,0.0,/home/eli/Grad/AI-for-photonics/Metasurface/Unit_cell_Libraries/Ellipse Pillar SiN on SiO2 532 nm KAIST/GDS Library/elliptical_pillar_rx_0.05_ry_0.03_theta_0.0.gds,0.9581185808719591,-0.08501196186023197,-0.0,0.0,-2.1036011640909484e-27,-3.073217478253659e-26,0.9581185808719591,-0.08501196186023197,-0.0,0.0,0.9252182486714224,0.925218267113647,1.0618017938362527,0.8713662686242652,0.07478176247945423,2.959310130279391e-08,0.28366879636938713,0.2471794206175294,0.26245555221109834,0.9618826584731749,354.9295372853264,2,2026-09-26T19:07:50-04:00
0.05,0.04,0.0,0.6,0.2,0.0,/home/eli/Grad/AI-for-photonics/Metasurface/Unit_cell_Libraries/Ellipse Pillar SiN on SiO2 532 nm KAIST/GDS Library/elliptical_pillar_rx_0.05_ry_0.04_theta_0.0.gds,0.9589904787589728,0.11473641070434275,-0.0,0.0,-3.073217478253659e-26,2.1036011640909484e-27,0.9589904787589728,0.11473641070434275,-0.0,0.0,0.9328271822916796,0.9328271952080757,1.0705339749734017,0.8713662686242652,0.06717281641526897,1.1623344731148677e-08,0.28366879636938713,0.2471794206175294,0.26461396768530615,0.9658297895031399,6.82260320032727,2,2026-09-26T19:08:06-04:00
0.05,0.05,0.0,0.6,0.2,0.0,/home/eli/Grad/AI-for-photonics/Metasurface/Unit_cell_Libraries/Ellipse Pillar SiN on SiO2 532 nm KAIST/GDS Library/elliptical_pillar_rx_0.05_ry_0.05_theta_0.0.gds,0.9252258635419033,0.27762329819251763,6.269201889937973e-20,1.2447667015053935e-20,1.168364647799298e-18,2.4109747606267877e-18,0.9252258635419033,0.27762329819251763,6.269201889937973e-20,1.2447667015053935e-20,0.9331175942661522,0.9331176017583761,1.0708672522194431,0.8713662686242652,0.06688235892273661,-3.9318887257167034e-08,0.28366879636938713,0.2471794206175294,0.26469634696188765,0.9659801210512317,16.702399531153286,2,2026-09-26T19:08:22-04:00
0.060000000000000005,0.05,90.0,0.6,0.2,0.0,/home/eli/Grad/AI-for-photonics/Metasurface/Unit_cell_Libraries/Ellipse Pillar SiN on SiO2 532 nm KAIST/GDS Library/elliptical_pillar_rx_0.060000000000000005_ry_0.05_theta_90.0.gds,0.8565402219271716,0.4405048431485443,-1.836988080750447e-21,-7.508663734243813e-20,-2.2082546819090775e-18,2.482217948022932e-18,0.8565402219271716,0.4405048431485443,-1.836988080750447e-21,-7.508663734243813e-20,0.927705668616372,0.9277056694063759,1.0646563939995757,0.8713662686242652,0.07229425519686583,-7.539675828116543e-08,0.28366879636938713,0.2471794206175294,0.2631611506255632,0.9631747861195142,27.216029207097908,2,2026-09-26T19:08:38-04:00
0.060000000000000005,0.03,0.0,0.6,0.2,0.0,/home/eli/Grad/AI-for-photonics/Metasurface/Unit_cell_Libraries/Ellipse Pillar SiN on SiO2 532 nm KAIST/GDS Library/elliptical_pillar_rx_0.060000000000000005_ry_0.03_theta_0.0.gds,0.9545565161782562,0.1536706622573569,-0.0,0.0,1.2292869913014635e-25,-8.414404656363794e-27,0.9545565161782562,0.1536706622573569,-0.0,0.0,0.9347928150169841,0.9347928311012649,1.0727897839987988,0.8713662686242652,0.06520716972419012,8.254550376562975e-10,0.28366879636938713,0.2471794206175294,0.2651715572532276,0.966846841550917,9.145376912344808,2,2026-09-26T19:08:54-04:00
0.060000000000000005,0.04,0.0,0.6,0.2,0.0,/home/eli/Grad/AI-for-photonics/Metasurface/Unit_cell_Libraries/Ellipse Pillar SiN on SiO2 532 nm KAIST/GDS Library/elliptical_pillar_rx_0.060000000000000005_ry_0.04_theta_0.0.gds,0.886111623636435,0.3833378082843548,7.384965415532494e-20,2.6670202555519922e-20,4.522283542646257e-18,1.3271028322142732e-18,0.886111623636435,0.3833378082843548,7.384965415532494e-20,2.6670202555519922e-20,0.9321416848038518,0.932141687209494,1.0697472702049649,0.8713662686242652,0.06785825452662274,-5.826388327356824e-08,0.28366879636938713,0.2471794206175294,0.2644195104564469,0.9654748493895902,23.393631401274316,2,2026-09-26T19:09:10-04:00
0.060000000000000005,0.05,0.0,0.6,0.2,0.0,/home/eli/Grad/AI-for-photonics/Metasurface/Unit_cell_Libraries/Ellipse Pillar SiN on SiO2 532 nm KAIST/GDS Library/elliptical_pillar_rx_0.060000000000000005_ry_0.05_theta_0.0.gds,0.7535005727609254,0.5927358698984441,-0.0,0.0,-0.0,0.0,0.7535005727609254,0.5927358698984441,-0.0,0.0,0.9190989246153078,0.9190989189569528,1.054779088945053,0.8713662686242652,0.08090096685514614,-1.141879010235769e-07,0.28366879636938713,0.2471794206175294,0.2607196840849237,0.9586964715775832,38.190108363868326,2,2026-09-26T19:09:27-04:00
0.060000000000000005,0.060000000000000005,0.0,0.6,0.2,0.0,/home/eli/Grad/AI-for-photonics/Metasurface/Unit_cell_Libraries/Ellipse Pillar SiN on SiO2 532 nm KAIST/GDS Library/elliptical_pillar_rx_0.060000000000000005_ry_0.060000000000000005_theta_0.0.gds,0.599447205946135,0.73727544942578,-1.2735084435656125e-19,-8.493603567992014e-20,-2.123847322036335e-18,-3.667251210280774e-18,0.599447205946135,0.73727544942578,-1.2735084435656125e-19,-8.493603567992014e-20,0.902912041042614,0.9029120235675862,1.036202634964429,0.8713662686242652,0.09708782404837,-1.5238404382778015e-07,0.28366879636938713,0.2471794206175294,0.2561279669528649,0.9502168389597261,50.88691174394744,2,2026-09-26T19:09:45-04:00
0.03,0.03,0.0,0.6,0.25,0.0,/home/eli/Grad/AI-for-photonics/Metasurface/Unit_cell_Libraries/Ellipse Pillar SiN on SiO2 532 nm KAIST/GDS Library/elliptical_pillar_rx_0.03_ry_0.03_theta_0.0.gds,0.7748790055686879,-0.5344302930332495,1.9754120277405462e-20,-5.3565571177919355e-20,-5.3357931612287075e-19,-9.74446316157573e-19,0.7748790055686879,-0.5344302930332495,1.9754120277405462e-20,-5.3565571177919355e-20,0.8860532113827237,0.8860532231166375,1.0168532585653007,0.8713678356764951,0.1139468098766966,3.299333406481253e-08,0.44323249432716755,0.38621853928335836,0.39272758018861353,0.9413039952017221,325.4061590323517,2,2026-09-26T19:10:39-04:00
0.048333333333333325,0.03,90.0,0.6,0.25,0.0,/home/eli/Grad/AI-for-photonics/Metasurface/Unit_cell_Libraries/Ellipse Pillar SiN on SiO2 532 nm KAIST/GDS Library/elliptical_pillar_rx_0.048333333333333325_ry_0.03_theta_90.0.gds,0.8288690661965358,-0.45515097113318537,8.093507449839754e-21,-2.5898192179847778e-20,1.034646632001784e-18,-7.0675961465020755e-19,0.8288690661965358,-0.45515097113318537,8.093507449839754e-21,-2.5898192179847778e-20,0.8941863354209989,0.8941863580474103,1.0261870147561734,0.8713678356764951,0.10581370124723942,5.929464963472242e-08,0.44323249432716755,0.38621853928335836,0.3963324498706794,0.9456142635456589,331.22780412537827,2,2026-09-26T19:11:00-04:00
0.06666666666666665,0.03,90.0,0.6,0.25,0.0,/home/eli/Grad/AI-for-photonics/Metasurface/Unit_cell_Libraries/Ellipse Pillar SiN on SiO2 532 nm KAIST/GDS Library/elliptical_pillar_rx_0.06666666666666665_ry_0.03_theta_90.0.gds,0.8795022631490409,-0.36032087419554265,-4.3535768333106554e-07,-5.419597073320989e-06,3.670300008720721e-11,-6.4738476158939315e-12,0.8795022631490409,-0.36032087419554265,-4.3535768333106554e-07,-5.419597073320989e-06,0.9033553632948864,0.9033553814569334,1.0367137070828207,0.8713643653838238,0.09664466886771991,5.032465333343339e-08,0.44323249432716355,0.3862170011368781,0.4003964589870229,0.9504500845732641,337.7217124452918,2,2026-09-26T19:14:52-04:00
0.08499999999999999,0.03,90.0,0.6,0.25,0.0,/home/eli/Grad/AI-for-photonics/Metasurface/Unit_cell_Libraries/Ellipse Pillar SiN on SiO2 532 nm KAIST/GDS Library/elliptical_pillar_rx_0.08499999999999999_ry_0.03_theta_90.0.gds,0.9107156910527191,-0.28380682947710917,6.237126106963048e-05,0.0017002218420003937,-1.0462207895965882e-11,1.2264764585874347e-11,0.9107156910527191,-0.28380682947710917,6.237126106963048e-05,0.0017002218420003937,0.9099522810319669,0.9099522947227112,1.0442844932290638,0.8713643653838238,0.09004776871572744,6.343843872436139e-08,0.44323249432716355,0.3862170011368781,0.40332042530867357,0.9539126723067897,342.69137052159084,2,2026-09-26T19:16:34-04:00
0.048333333333333325,0.03,0.0,0.6,0.25,0.0,/home/eli/Grad/AI-for-photonics/Metasurface/Unit_cell_Libraries/Ellipse Pillar SiN on SiO2 532 nm KAIST/GDS Library/elliptical_pillar_rx_0.048333333333333325_ry_0.03_theta_0.0.gds,0.8802362900336609,-0.35897556849722206,-0.0,0.0,-0.0,0.0,0.8802362900336609,-0.35897556849722206,-0.0,0.0,0.9036793850701269,0.9036794014724633,1.0370814304511053,0.8713678356764951,0.0963206635259949,6.4998458171317e-08,0.44323249432716755,0.38621853928335836,0.40054007518672174,0.9506205263248458,337.81351616451684,2,2026-09-26T19:16:56-04:00
0.048333333333333325,0.048333333333333325,0.0,0.6,0.25,0.0,/home/eli/Grad/AI-for-photonics/Metasurface/Unit_cell_Libraries/Ellipse Pillar SiN on SiO2 532 nm KAIST/GDS Library/elliptical_pillar_rx_0.048333333333333325_ry_0.048333333333333325_theta_0.0.gds,0.9495163568982179,-0.13999288442334498,-0.0,0.0,-0.0,0.0,0.9495163568982179,-0.13999288442334498,-0.0,0.0,0.921179319706432,0.921179339555042,1.0571647263521902,0.8713678356764951,0.07882070997027583,4.952531784674363e-08,0.44323249432716755,0.38621853928335836,0.4082966163936341,0.959780870671234,351.6129624115725,2,2026-09-26T19:17:18-04:00
0.06666666666666665,0.048333333333333325,90.0,0.6,0.25,0.0,/home/eli/Grad/AI-for-photonics/Metasurface/Unit_cell_Libraries/Ellipse Pillar SiN on SiO2 532 nm KAIST/GDS Library/elliptical_pillar_rx_0.06666666666666665_ry_0.048333333333333325_theta_90.0.gds,0.962964932158183,0.043923869632469976,3.164720757513542e-20,8.336875599237541e-21,4.664540409520469e-19,-6.62858997699526e-20,0.962964932158183,0.043923869632469976,3.164720757513542e-20,8.336875599237541e-21,0.9292307668899042,0.9292307809929227,1.0664047293775827,0.8713678356764951,0.07076923517679512,1.616971778695131e-08,0.44323249432716755,0.38621853928335836,0.41186527686507507,0.9639661648055414,2.611631112050261,2,2026-09-26T19:17:39-04:00
0.08499999999999999,0.048333333333333325,90.0,0.6,0.25,0.0,/home/eli/Grad/AI-for-photonics/Metasurface/Unit_cell_Libraries/Ellipse Pillar SiN on SiO2 532 nm KAIST/GDS Library/elliptical_pillar_rx_0.08499999999999999_ry_0.048333333333333325_theta_90.0.gds,0.93659693320659,0.23174608237179542,-2.2247071869584197e-20,2.967851208728804e-20,1.769074861654643e-18,-7.399916321073955e-19,0.93659693320659,0.23174608237179542,-2.2247071869584197e-20,2.967851208728804e-20,0.9309200619866645,0.93092007050997,1.0683433934501851,0.8713678356764951,0.06907990995021301,-1.9539816875635552e-08,0.44323249432716755,0.38621853928335836,0.41261402487135673,0.9648419880926952,13.897796503366058,2,2026-09-26T19:18:02-04:00
0.06666666666666665,0.03,0.0,0.6,0.25,0.0,/home/eli/Grad/AI-for-photonics/Metasurface/Unit_cell_Libraries/Ellipse Pillar SiN on SiO2 532 nm KAIST/GDS Library/elliptical_pillar_rx_0.06666666666666665_ry_0.03_theta_0.0.gds,0.9596538682942866,-0.07303454013412367,-0.0004280569778699969,-0.0015345867878557092,-4.829134792748809e-12,-2.3027365214098057e-11,0.9596538682942866,-0.07303454013412367,-0.0004280569778699969,-0.0015345867878557092,0.9262721291741766,0.9262721459200421,1.063013571265371,0.8713643653838238,0.07372790494687612,5.0866918233083425e-08,0.44323249432716355,0.3862170011368781,0.4105539136619147,0.9624290056855055,355.6478892886863,2,2026-09-26T19:19:49-04:00
0.06666666666666665,0.048333333333333325,0.0,0.6,0.25,0.0,/home/eli/Grad/AI-for-photonics/Metasurface/Unit_cell_Libraries/Ellipse Pillar SiN on SiO2 532 nm KAIST/GDS Library/elliptical_pillar_rx_0.06666666666666665_ry_0.048333333333333325_theta_0.0.gds,0.9196387705948332,0.29681638017513845,-0.0,0.0,-0.0,0.0,0.9196387705948332,0.29681638017513845,-0.0,0.0,0.9338354319214486,0.9338354380110819,1.0716891303270215,0.8713678356764951,0.0661645279612247,-3.4027693329719e-08,0.44323249432716755,0.38621853928335836,0.4139062104807549,0.9663516088471362,17.887652344295834,2,2026-09-26T19:20:11-04:00
0.06666666666666665,0.06666666666666665,0.0,0.6,0.25,0.0,/home/eli/Grad/AI-for-photonics/Metasurface/Unit_cell_Libraries/Ellipse Pillar SiN on SiO2 532 nm KAIST/GDS Library/elliptical_pillar_rx_0.06666666666666665_ry_0.06666666666666665_theta_0.0.gds,0.7650452090728141,0.577509598608032,-0.0,0.0,-0.0,0.0,0.7650452090728141,0.577509598608032,-0.0,0.0,0.9188115084096762,0.9188115036668244,1.0544473482355428,0.8713678356764951,0.0811883934004892,-1.0293268637440178e-07,0.44323249432716755,0.38621853928335836,0.407247114586742,0.9585465603765297,37.048056344789295,2,2026-09-26T19:20:35-04:00
0.08499999999999999,0.06666666666666665,90.0,0.6,0.25,0.0,/home/eli/Grad/AI-for-photonics/Metasurface/Unit_cell_Libraries/Ellipse Pillar SiN on SiO2 532 nm KAIST/GDS Library/elliptical_pillar_rx_0.08499999999999999_ry_0.06666666666666665_theta_90.0.gds,0.5419846055519452,0.7764592105480842,3.484062949284449e-20,-8.145812966733213e-20,-1.3841415377636116e-18,-3.0997501171663085e-19,0.5419846055519452,0.7764592105480842,3.484062949284449e-20,-8.145812966733213e-20,0.8966362183002518,0.8966362027363937,1.0289985078922281,0.8713678356764951,0.10336362972371807,-1.6753988829609767e-07,0.44323249432716755,0.38621853928335836,0.39741830064289163,0.9469087697873813,55.084161501587076,2,2026-09-26T19:20:58-04:00
0.08499999999999999,0.03,0.0,0.6,0.25,0.0,/home/eli/Grad/AI-for-photonics/Metasurface/Unit_cell_Libraries/Ellipse Pillar SiN on SiO2 532 nm KAIST/GDS Library/elliptical_pillar_rx_0.08499999999999999_ry_0.03_theta_0.0.gds,0.9298274572977203,0.2695825184603811,-6.0573518898890745e-05,-0.0017100319684390788,-1.640727026314342e-11,-3.276061229027697e-11,0.9298274572977203,0.2695825184603811,-6.0573518898890745e-05,-0.0017100319684390788,0.9372567624826699,0.9372567710329635,1.0756198075877421,0.8713643653838238,0.06274317057579988,-5.8391236623656084e-08,0.44323249432716355,0.3862170011368781,0.4154226564499636,0.9681187089423412,16.168325443365973,2,2026-09-26T19:22:42-04:00
0.08499999999999999,0.048333333333333325,0.0,0.6,0.25,0.0,/home/eli/Grad/AI-for-photonics/Metasurface/Unit_cell_Libraries/Ellipse Pillar SiN on SiO2 532 nm KAIST/GDS Library/elliptical_pillar_rx_0.08499999999999999_ry_0.048333333333333325_theta_0.0.gds,0.6326588999306266,0.713473253628946,-0.0,0.0,-0.0,0.0,0.6326588999306266,0.713473253628946,-0.0,0.0,0.909301367305305,0.9093013559393681,1.0435333032845113,0.8713678356764951,0.09069849554226958,-1.485183622751407e-07,0.44323249432716755,0.38621853928335836,0.40303190808808176,0.9535729480775474,48.43559924803204,2,2026-09-26T19:23:06-04:00
0.08499999999999999,0.06666666666666665,0.0,0.6,0.25,0.0,/home/eli/Grad/AI-for-photonics/Metasurface/Unit_cell_Libraries/Ellipse Pillar SiN on SiO2 532 nm KAIST/GDS Library/elliptical_pillar_rx_0.08499999999999999_ry_0.06666666666666665_theta_0.0.gds,0.23543499461696282,0.9082539730118625,-1.678656898706076e-20,1.1859238098971107e-20,-4.343268423647238e-19,4.656815388581785e-19,0.23543499461696282,0.9082539730118625,-1.678656898706076e-20,1.1859238098971107e-20,0.8803549161821225,0.8803548802856006,1.0103137208434236,0.8713678356764951,0.11964493513483768,-1.8457956174611212e-07,0.44323249432716755,0.38621853928335836,0.39020188948208173,0.9382723038554013,75.46780636398391,2,2026-09-26T19:23:30-04:00
0.08499999999999999,0.08499999999999999,0.0,0.6,0.25,0.0,/home/eli/Grad/AI-for-photonics/Metasurface/Unit_cell_Libraries/Ellipse Pillar SiN on SiO2 532 nm KAIST/GDS Library/elliptical_pillar_rx_0.08499999999999999_ry_0.08499999999999999_theta_0.0.gds,-0.1586525568513929,0.9274409037041121,-0.0,0.0,-1.028638908010522e-26,7.040979102949037e-28,-0.1586525568513929,0.9274409037041121,-0.0,0.0,0.8853172636589847,0.8853172043842594,1.0160085880343914,0.8713678356764951,0.11468268289944014,-1.1271630040443625e-07,0.44323249432716755,0.38621853928335836,0.3924013527699901,0.9409129947338302,99.70733363793703,2,2026-09-26T19:23:53-04:00
0.03,0.03,0.0,0.6,0.3,0.0,/home/eli/Grad/AI-for-photonics/Metasurface/Unit_cell_Libraries/Ellipse Pillar SiN on SiO2 532 nm KAIST/GDS Library/elliptical_pillar_rx_0.03_ry_0.03_theta_0.0.gds,0.7375832374147324,-0.5806722243207929,1.2659909803635207e-20,-8.60878888428519e-21,3.437848028361218e-19,-7.010527805538895e-19,0.7375832374147324,-0.5806722243207929,1.2659909803635207e-20,-8.60878888428519e-21,0.8812092642128547,0.8812092766750951,1.0112982103570483,0.871364418180841,0.11879077205497952,4.8730074642122645e-08,0.6382547918311228,0.55615251533506,0.5624360434439171,0.9387274706819092,321.7879391325405,2,2026-09-26T19:25:37-04:00
0.05666666666666666,0.03,90.0,0.6,0.3,0.0,/home/eli/Grad/AI-for-photonics/Metasurface/Unit_cell_Libraries/Ellipse Pillar SiN on SiO2 532 nm KAIST/GDS Library/elliptical_pillar_rx_0.05666666666666666_ry_0.03_theta_90.0.gds,0.7977672755532813,-0.5029159687088861,-9.625317101524963e-19,2.7878203218110783e-18,4.356698236181378e-12,3.1984120455782276e-12,0.7977672755532813,-0.5029159687088861,-9.625317101524963e-19,2.7878203218110783e-18,0.8893570975261025,0.8893571091443132,1.0206488704244205,0.8713644181808462,0.11064295570990537,6.485421866209151e-08,0.6382547918311171,0.5561525153350585,0.5676364365604277,0.9430573140197273,327.7724899212746,2,2026-09-26T19:33:50-04:00
0.08333333333333331,0.03,90.0,0.6,0.3,0.0,/home/eli/Grad/AI-for-photonics/Metasurface/Unit_cell_Libraries/Ellipse Pillar SiN on SiO2 532 nm KAIST/GDS Library/elliptical_pillar_rx_0.08333333333333331_ry_0.03_theta_90.0.gds,0.8481930560799544,-0.42207463626641534,-1.0446677590427331e-20,2.2784899757298168e-20,9.270387989535378e-19,-3.323782502304167e-19,0.8481930560799544,-0.42207463626641534,-1.0446677590427331e-20,2.2784899757298168e-20,0.8975784589616795,0.8975784772931975,1.0300839219107478,0.871364418180841,0.10242159809629599,7.53894935368038e-08,0.6382547918311228,0.55615251533506,0.5728837641768659,0.9474061742260705,333.54431665014624,2,2026-09-26T19:34:35-04:00
0.10999999999999999,0.03,90.0,0.6,0.3,0.0,/home/eli/Grad/AI-for-photonics/Metasurface/Unit_cell_Libraries/Ellipse Pillar SiN on SiO2 532 nm KAIST/GDS Library/elliptical_pillar_rx_0.10999999999999999_ry_0.03_theta_90.0.gds,0.8893420582372193,-0.33838546944308184,-2.12251495983897e-18,-1.388857421138232e-19,-6.082999806350689e-12,6.5594798671720665e-12,0.8893420582372193,-0.33838546944308184,-2.12251495983897e-18,-1.388857421138232e-19,0.9054340224798285,0.9054340492799887,1.0390991764045976,0.8713644181808462,0.09456601596386792,6.524385653960962e-08,0.6382547918311171,0.5561525153350585,0.5778976206400046,0.9515429693291988,339.16869687013826,2,2026-09-26T19:38:06-04:00
0.05666666666666666,0.03,0.0,0.6,0.3,0.0,/home/eli/Grad/AI-for-photonics/Metasurface/Unit_cell_Libraries/Ellipse Pillar SiN on SiO2 532 nm KAIST/GDS Library/elliptical_pillar_rx_0.05666666666666666_ry_0.03_theta_0.0.gds,0.8737857684091724,-0.37293079441510046,-0.0,0.0,-0.0,0.0,0.8737857684091724,-0.37293079441510046,-0.0,0.0,0.9025789464974858,0.9025789642785075,1.035822608137745,0.871364418180841,0.09742402919194616,2.9934704537382117e-06,0.6382547918311228,0.55615251533506,0.5760753489567292,0.9500415498795228,336.8872644403524,2,2026-09-26T19:38:51-04:00
0.05666666666666666,0.05666666666666666,0.0,0.6,0.3,0.0,/home/eli/Grad/AI-for-photonics/Metasurface/Unit_cell_Libraries/Ellipse Pillar SiN on SiO2 532 nm KAIST/GDS Library/elliptical_pillar_rx_0.05666666666666666_ry_0.05666666666666666_theta_0.0.gds,0.9535378549740137,-0.11655077048144713,-0.0,0.0,-0.0,0.0,0.9535378549740137,-0.11655077048144713,-0.0,0.0,0.9228185229682622,0.9228185431692039,1.0590500643758032,0.871364418180841,0.07718152247212141,6.564132526420963e-08,0.6382547918311228,0.55615251533506,0.5889933571683602,0.9606344377380306,353.03131374740354,2,2026-09-26T19:39:36-04:00
0.08333333333333331,0.05666666666666666,90.0,0.6,0.3,0.0,/home/eli/Grad/AI-for-photonics/Metasurface/Unit_cell_Libraries/Ellipse Pillar SiN on SiO2 532 nm KAIST/GDS Library/elliptical_pillar_rx_0.08333333333333331_ry_0.05666666666666666_theta_90.0.gds,0.9513727126237588,0.16310640453113254,8.623928776498247e-21,-1.574238468279565e-20,-6.599545483632746e-20,-7.225706200117518e-19,0.9513727126237588,0.16310640453113254,8.623928776498247e-21,-1.574238468279565e-20,0.9317137375241626,0.9317137578388587,1.0692584392922653,0.871364418180841,0.06828624632754708,4.166405664918216e-09,0.6382547918311228,0.55615251533506,0.5946707705556339,0.965253198660415,9.72839408036431,2,2026-09-26T19:40:22-04:00
0.10999999999999999,0.05666666666666666,90.0,0.6,0.3,0.0,/home/eli/Grad/AI-for-photonics/Metasurface/Unit_cell_Libraries/Ellipse Pillar SiN on SiO2 532 nm KAIST/GDS Library/elliptical_pillar_rx_0.10999999999999999_ry_0.05666666666666666_theta_90.0.gds,0.8809133381292049,0.38839366270622633,4.4298861135905306e-20,1.3348711229331598e-21,-2.1190628940992722e-19,-7.7442813660548575e-19,0.8809133381292049,0.38839366270622633,4.4298861135905306e-20,1.3348711229331598e-21,0.9268579465242968,0.9268579654280905,1.06368580824439,0.871364418180841,0.0731419858150225,-4.875688697225655e-08,0.6382547918311228,0.55615251533506,0.5915715377813239,0.9627346189497378,23.792626418447284,2,2026-09-26T19:41:09-04:00
0.08333333333333331,0.03,0.0,0.6,0.3,0.0,/home/eli/Grad/AI-for-photonics/Metasurface/Unit_cell_Libraries/Ellipse Pillar SiN on SiO2 532 nm KAIST/GDS Library/elliptical_pillar_rx_0.08333333333333331_ry_0.03_theta_0.0.gds,0.9615169173416604,-0.0598665439657555,-0.0,0.0,-0.0,0.0,0.9615169173416604,-0.0598665439657555,-0.0,0.0,0.9280987854206133,0.9280987985388244,1.0651098199263502,0.871364418180841,0.0719012188585871,1.739741151141061e-08,0.6382547918311228,0.55615251533506,0.5923635054601125,0.9633788379555642,356.4372148725165,2,2026-09-26T19:41:54-04:00
0.08333333333333331,0.05666666666666666,0.0,0.6,0.3,0.0,/home/eli/Grad/AI-for-photonics/Metasurface/Unit_cell_Libraries/Ellipse Pillar SiN on SiO2 532 nm KAIST/GDS Library/elliptical_pillar_rx_0.08333333333333331_ry_0.05666666666666666_theta_0.0.gds,0.8160507864206518,0.5117009476683402,-0.0,0.0,-0.0,0.0,0.8160507864206518,0.5117009476683402,-0.0,0.0,0.9277767458624416,0.9277767446091466,1.0647402226339222,0.871364418180841,0.0722231585589423,-9.683191104503663e-08,0.6382547918311228,0.55615251533506,0.5921579529962676,0.9632116827896356,32.089582028725616,2,2026-09-26T19:42:41-04:00
0.08333333333333331,0.08333333333333331,0.0,0.6,0.3,0.0,/home/eli/Grad/AI-for-photonics/Metasurface/Unit_cell_Libraries/Ellipse Pillar SiN on SiO2 532 nm KAIST/GDS Library/elliptical_pillar_rx_0.08333333333333331_ry_0.08333333333333331_theta_0.0.gds,0.4406588637342923,0.8353994075873198,-0.0,0.0,-0.0,0.0,0.4406588637342923,0.8353994075873198,-0.0,0.0,0.8920724043848426,0.8920723820285908,1.023764986744561,0.871364418180841,0.10792745160645667,-1.6636495248079086e-07,0.6382547918311228,0.55615251533506,0.5693694724899521,0.9444958466742152,62.18912167817839,2,2026-09-26T19:43:28-04:00
0.10999999999999999,0.08333333333333331,90.0,0.6,0.3,0.0,/home/eli/Grad/AI-for-photonics/Metasurface/Unit_cell_Libraries/Ellipse Pillar SiN on SiO2 532 nm KAIST/GDS Library/elliptical_pillar_rx_0.10999999999999999_ry_0.08333333333333331_theta_90.0.gds,0.035168976770290725,0.9371789564364454,-3.1353872281055428e-21,-9.143624274094473e-21,3.13186825917874e-19,-1.3728237478190311e-19,0.035168976770290725,0.9371789564364454,-3.1353872281055428e-21,-9.143624274094473e-21,0.879541253314374,0.8795412093422627,1.0093838938001307,0.871364418180841,0.12045864586758813,-1.4479014920354416e-07,0.6382547918311228,0.55615251533506,0.5613713914756399,0.9378386072850563,87.85090260035663,2,2026-09-26T19:44:17-04:00
0.10999999999999999,0.03,0.0,0.6,0.3,0.0,/home/eli/Grad/AI-for-photonics/Metasurface/Unit_cell_Libraries/Ellipse Pillar SiN on SiO2 532 nm KAIST/GDS Library/elliptical_pillar_rx_0.10999999999999999_ry_0.03_theta_0.0.gds,0.9042643780314897,0.35223115194949023,-0.0,0.0,-0.0,0.0,0.9042643780314897,0.35223115194949023,-0.0,0.0,0.9417608497803418,0.9418032809770841,1.0808374330263557,0.871364418180841,0.06710932465939293,0.008912605636477,0.6382547918311228,0.55615251533506,0.6011104570458973,0.9704436355504331,21.282023629047384,2,2026-09-26T19:45:02-04:00
0.10999999999999999,0.05666666666666666,0.0,0.6,0.3,0.0,/home/eli/Grad/AI-for-photonics/Metasurface/Unit_cell_Libraries/Ellipse Pillar SiN on SiO2 532 nm KAIST/GDS Library/elliptical_pillar_rx_0.10999999999999999_ry_0.05666666666666666_theta_0.0.gds,0.24061766390791917,0.9092599799933452,-0.0,0.0,-0.0,0.0,0.24061766390791917,0.9092599799933452,-0.0,0.0,0.8846505714020029,0.8846505221310278,1.015247471290972,0.871364418180841,0.11534930508806975,-1.72780902474301e-07,0.6382547918311228,0.55615251533506,0.5646324348460332,0.9405586485711579,75.17757164301912,2,2026-09-26T19:45:49-04:00
0.10999999999999999,0.08333333333333331,0.0,0.6,0.3,0.0,/home/eli/Grad/AI-for-photonics/Metasurface/Unit_cell_Libraries/Ellipse Pillar SiN on SiO2 532 nm KAIST/GDS Library/elliptical_pillar_rx_0.10999999999999999_ry_0.08333333333333331_theta_0.0.gds,-0.46446575694284775,0.8367922634598759,-0.0,0.0,-0.0,0.0,-0.46446575694284775,0.8367922634598759,-0.0,0.0,0.9159497315587949,0.9159496317333431,1.0511671266604887,0.871364418180841,0.08405027382919998,-9.443745696557926e-08,0.6382547918311228,0.55615251533506,0.5846092415297585,0.9570526273715542,119.03268522746771,2,2026-09-26T19:46:38-04:00
0.10999999999999999,0.10999999999999999,0.0,0.6,0.3,0.0,/home/eli/Grad/AI-for-photonics/Metasurface/Unit_cell_Libraries/Ellipse Pillar SiN on SiO2 532 nm KAIST/GDS Library/elliptical_pillar_rx_0.10999999999999999_ry_0.10999999999999999_theta_0.0.gds,-0.8989783666320564,0.41812144444707744,-1.8988550266520805e-20,2.1029891663724452e-20,-2.0682863606471866e-19,6.298186641623868e-19,-0.8989783666320564,0.41812144444707744,-1.8988550266520805e-20,2.1029891663724452e-20,0.9829876459789506,0.9829875131344448,1.1281015068146125,0.871364418180841,0.017012338217094226,-1.4864846098472384e-07,0.6382547918311228,0.55615251533506,0.6273964905682181,0.9914573344218855,155.05651541632372,2,2026-09-26T19:47:28-04:00
0.03,0.03,0.0,0.6,0.35,0.0,/home/eli/Grad/AI-for-photonics/Metasurface/Unit_cell_Libraries/Ellipse Pillar SiN on SiO2 532 nm KAIST/GDS Library/elliptical_pillar_rx_0.03_ry_0.03_theta_0.0.gds,0.7120562210354369,-0.6094471645472518,7.146834986279613e-22,1.0940996507736499e-20,6.44259281602315e-19,5.112205522438931e-20,0.7120562210354369,-0.6094471645472518,7.146834986279613e-22,1.0940996507736499e-20,0.878449908289952,0.878449928509,1.0081317589113554,0.8713642048710042,0.12155012575812689,5.426712701428471e-08,0.8687356888812483,0.756985182785073,0.7631408037909495,0.9372565861544809,319.43986282330286,2,2026-09-26T19:50:11-04:00
0.065,0.03,90.0,0.6,0.35,0.0,/home/eli/Grad/AI-for-photonics/Metasurface/Unit_cell_Libraries/Ellipse Pillar SiN on SiO2 532 nm KAIST/GDS Library/elliptical_pillar_rx_0.065_ry_0.03_theta_90.0.gds,0.7774951634362753,-0.5313178671579027,9.858235409786152e-21,-1.1751463212904311e-20,-1.0323214733767746e-19,4.032545936643808e-19,0.7774951634362753,-0.5313178671579027,9.858235409786152e-21,-1.1751463212904311e-20,0.8867974051280234,0.8867974440153049,1.0177115826631706,0.8713642048710042,0.11320262327572517,6.729103008140669e-08,0.8687356888812483,0.756985182785073,0.7703925884247661,0.9416992115999797,325.65242040193414,2,2026-09-26T19:51:06-04:00
0.09999999999999999,0.03,90.0,0.6,0.35,0.0,/home/eli/Grad/AI-for-photonics/Metasurface/Unit_cell_Libraries/Ellipse Pillar SiN on SiO2 532 nm KAIST/GDS Library/elliptical_pillar_rx_0.09999999999999999_ry_0.03_theta_90.0.gds,0.8272371906062003,-0.45846270722155164,-0.00035237622933347783,-0.0010741698393808127,-2.4376604369521527e-19,-2.8868426014454125e-19,0.8272371906062003,-0.45846270722155164,-0.00035237622933347783,-0.0010741698393808127,0.8945107014448039,0.8945107696028934,1.0265635937332536,0.8713642048710006,0.10548930810410972,7.770700305442801e-08,0.8687356888812513,0.7569851827850725,0.7770934296426679,0.9457850831108265,331.0043635566141,2,2026-09-26T19:59:44-04:00
0.13499999999999998,0.03,90.0,0.6,0.35,0.0,/home/eli/Grad/AI-for-photonics/Metasurface/Unit_cell_Libraries/Ellipse Pillar SiN on SiO2 532 nm KAIST/GDS Library/elliptical_pillar_rx_0.13499999999999998_ry_0.03_theta_90.0.gds,0.8716304223841567,-0.3778430623613653,1.2725626986118607e-18,-3.660259294706704e-19,-3.8557892751221055e-11,2.206087541630138e-10,0.8716304223841567,-0.3778430623613653,1.2725626986118607e-18,-3.660259294706704e-19,0.9025049730001979,0.9025050893200831,1.0357380809023393,0.8713642048710006,0.09749497596065064,6.528073370759557e-08,0.8687356888812513,0.7569851827850725,0.7840383804893176,0.9500026173649196,336.56375089111253,2,2026-09-26T20:03:26-04:00
0.065,0.03,0.0,0.6,0.35,0.0,/home/eli/Grad/AI-for-photonics/Metasurface/Unit_cell_Libraries/Ellipse Pillar SiN on SiO2 532 nm KAIST/GDS Library/elliptical_pillar_rx_0.065_ry_0.03_theta_0.0.gds,0.8607597011740128,-0.3997444742251384,-0.0,0.0,-0.0,0.0,0.8607597011740128,-0.3997444742251384,-0.0,0.0,0.9007029078387082,0.9007029189150526,1.033669863737852,0.8713642048710042,0.09929716822036161,8.713541421734305e-08,0.8687356888812483,0.756985182785073,0.7824727707410194,0.9490536907039075,335.08942462483895,2,2026-09-26T20:04:10-04:00
0.065,0.065,0.0,0.6,0.35,0.0,/home/eli/Grad/AI-for-photonics/Metasurface/Unit_cell_Libraries/Ellipse Pillar SiN on SiO2 532 nm KAIST/GDS Library/elliptical_pillar_rx_0.065_ry_0.065_theta_0.0.gds,0.9636739051644934,-0.03126059830173706,-3.2181243307913736e-20,7.819832981102988e-21,5.700530572912457e-19,6.089226898756283e-19,0.9636739051644934,-0.03126059830173706,-3.2181243307913736e-20,7.819832981102988e-21,0.9296446205011674,0.9296446157576816,1.0668841003117695,0.8713642048710042,0.07035543973917535,5.549685688777117e-08,0.8687356888812483,0.756985182785073,0.8076154556849929,0.9641808028068011,358.14203488988375,2,2026-09-26T20:04:56-04:00
0.09999999999999999,0.065,90.0,0.6,0.35,0.0,/home/eli/Grad/AI-for-photonics/Metasurface/Unit_cell_Libraries/Ellipse Pillar SiN on SiO2 532 nm KAIST/GDS Library/elliptical_pillar_rx_0.09999999999999999_ry_0.065_theta_90.0.gds,0.9108077217686507,0.32242055368418376,-2.3622010454336582e-21,-4.31557503911223e-20,9.374399433592847e-20,-3.4470678200366906e-19,0.9108077217686507,0.32242055368418376,-2.3622010454336582e-21,-4.31557503911223e-20,0.9335257194714154,0.9335257225674771,1.0713381584290294,0.8713642048710042,0.06647423624421257,-4.118831031796333e-08,0.8687356888812483,0.756985182785073,0.8109871116830223,0.966191347234809,19.49366233230074,2,2026-09-26T20:05:40-04:00
0.13499999999999998,0.065,90.0,0.6,0.35,0.0,/home/eli/Grad/AI-for-photonics/Metasurface/Unit_cell_Libraries/Ellipse Pillar SiN on SiO2 532 nm KAIST/GDS Library/elliptical_pillar_rx_0.13499999999999998_ry_0.065_theta_90.0.gds,0.7535109036838715,0.5909968821449372,-1.0525212177628236e-18,2.3733445538821705e-18,-5.132102129007887e-11,1.3636678360218433e-11,0.7535109036838715,0.5909968821449372,-1.0525212177628236e-18,2.3733445538821705e-18,0.9170559966755214,0.9170560480170231,1.0524371358045248,0.8713642048710006,0.0829438239831508,-1.279998260717008e-07,0.8687356888812513,0.7569851827850725,0.7966793176167865,0.95763040713812,38.10795058686626,2,2026-09-26T20:09:22-04:00
0.09999999999999999,0.03,0.0,0.6,0.35,0.0,/home/eli/Grad/AI-for-photonics/Metasurface/Unit_cell_Libraries/Ellipse Pillar SiN on SiO2 532 nm KAIST/GDS Library/elliptical_pillar_rx_0.09999999999999999_ry_0.03_theta_0.0.gds,0.9641885054306037,-0.04151152867127384,0.0003547753547639597,0.0010736750291102882,-6.804551126474546e-19,-9.484029950422867e-19,0.9641885054306037,-0.04151152867127384,0.0003547753547639597,0.0010736750291102882,0.9313839596607478,0.9313838893204227,1.0688801354403896,0.8713642048710006,0.06861615025342634,3.957384908659378e-08,0.8687356888812513,0.7569851827850725,0.8091264247016765,0.9650816965506741,357.534748168835,2,2026-09-26T20:12:51-04:00
0.09999999999999999,0.065,0.0,0.6,0.35,0.0,/home/eli/Grad/AI-for-photonics/Metasurface/Unit_cell_Libraries/Ellipse Pillar SiN on SiO2 532 nm KAIST/GDS Library/elliptical_pillar_rx_0.09999999999999999_ry_0.065_theta_0.0.gds,0.5618666205883163,0.7711627098673121,-0.0,0.0,2.8807441987792276e-24,5.142014237070212e-25,0.5618666205883163,0.7711627098673121,-0.0,0.0,0.9103860244212311,0.9103857495468692,1.0447821295133897,0.8713642048710042,0.08961406626315609,-1.8418997471680854e-07,0.8687356888812483,0.756985182785073,0.790884591280271,0.9541415117377668,53.92304186082792,2,2026-09-26T20:13:35-04:00
0.09999999999999999,0.09999999999999999,0.0,0.6,0.35,0.0,/home/eli/Grad/AI-for-photonics/Metasurface/Unit_cell_Libraries/Ellipse Pillar SiN on SiO2 532 nm KAIST/GDS Library/elliptical_pillar_rx_0.09999999999999999_ry_0.09999999999999999_theta_0.0.gds,-0.1544342290925255,0.9318834610408906,-1.903849777995816e-22,-2.3281275948102994e-21,1.7861651378564336e-19,6.241349370953591e-19,-0.1544342290925255,0.9318834610408906,-1.903849777995816e-22,-2.3281275948102994e-21,0.8922567160769518,0.8922562841058712,1.0239762881216354,0.8713642048710042,0.10774362354416699,-9.234996178886234e-08,0.8687356888812483,0.756985182785073,0.7751348776313368,0.9445934131026702,99.40968977810667,2,2026-09-26T20:14:21-04:00
0.13499999999999998,0.09999999999999999,90.0,0.6,0.35,0.0,/home/eli/Grad/AI-for-photonics/Metasurface/Unit_cell_Libraries/Ellipse Pillar SiN on SiO2 532 nm KAIST/GDS Library/elliptical_pillar_rx_0.13499999999999998_ry_0.09999999999999999_theta_90.0.gds,-0.6950497786947553,0.6764320161389732,-6.515586886591716e-19,-4.648118980638915e-18,1.5367578895673358e-18,-1.5518210279155107e-18,-0.6950497786947553,0.6764320161389732,-6.515586886591716e-19,-4.648118980638915e-18,0.9406544673214643,0.9407168859973344,1.0795909227607083,0.8713642048710006,0.0553494843296748,-0.003933629672990824,0.8687356888812513,0.7569851827850725,0.8172343319991199,0.9698734285057325,135.77773814073254,2,2026-09-26T20:18:56-04:00
0.13499999999999998,0.03,0.0,0.6,0.35,0.0,/home/eli/Grad/AI-for-photonics/Metasurface/Unit_cell_Libraries/Ellipse Pillar SiN on SiO2 532 nm KAIST/GDS Library/elliptical_pillar_rx_0.13499999999999998_ry_0.03_theta_0.0.gds,0.8828854242689806,0.40438511337173483,-1.820856775154981e-05,-0.0014368418366671079,-2.964422854307884e-19,1.738495429696014e-18,0.8828854242689806,0.40438511337173483,-1.820856775154981e-05,-0.0014368418366671079,0.9430160571493044,0.9430158363598694,1.082229257396999,0.8713642048710006,0.056984097969787276,-6.567034327442656e-08,0.8687356888812513,0.7569851827850725,0.8192315122260205,0.9710890753701685,24.609045126418206,2,2026-09-26T20:22:25-04:00
0.13499999999999998,0.065,0.0,0.6,0.35,0.0,/home/eli/Grad/AI-for-photonics/Metasurface/Unit_cell_Libraries/Ellipse Pillar SiN on SiO2 532 nm KAIST/GDS Library/elliptical_pillar_rx_0.13499999999999998_ry_0.065_theta_0.0.gds,-0.34093907395710804,0.8873189223448045,-1.1063582921713172e-26,7.572964190727416e-28,-0.0,0.0,-0.34093907395710804,0.8873189223448045,-1.1063582921713172e-26,7.572964190727416e-28,0.9035743221018755,0.9035736718796457,1.036964413764747,0.8713642048710042,0.09636800611477347,-5.832200558086864e-05,0.8687356888812483,0.756985182785073,0.784966696295323,0.9505652645146863,111.01852767575012,2,2026-09-26T20:23:09-04:00
0.13499999999999998,0.09999999999999999,0.0,0.6,0.35,0.0,/home/eli/Grad/AI-for-photonics/Metasurface/Unit_cell_Libraries/Ellipse Pillar SiN on SiO2 532 nm KAIST/GDS Library/elliptical_pillar_rx_0.13499999999999998_ry_0.09999999999999999_theta_0.0.gds,-0.9878642310959577,0.15344437775380096,-0.0,0.0,2.832277227958572e-24,-1.9386788328262184e-25,-0.9878642310959577,0.15344437775380096,-0.0,0.0,0.999420916143059,0.999420605711355,1.1469608231833532,0.8713642048710042,0.0005792099667698101,-1.8432187509631603e-07,0.8687356888812483,0.756985182785073,0.8682323483847685,0.9997104161421241,171.17083639317556,2,2026-09-26T20:23:54-04:00
0.13499999999999998,0.13499999999999998,0.0,0.6,0.35,0.0,/home/eli/Grad/AI-for-photonics/Metasurface/Unit_cell_Libraries/Ellipse Pillar SiN on SiO2 532 nm KAIST/GDS Library/elliptical_pillar_rx_0.13499999999999998_ry_0.13499999999999998_theta_0.0.gds,-0.8367225557850325,-0.5145616534332744,-0.0,0.0,-0.0,0.0,-0.8367225557850325,-0.5145616534332744,-0.0,0.0,0.9648783305434221,0.9649288656057655,1.1073772140417595,0.8713642048710042,0.03867315786997267,0.0036020234757381253,0.8687356888812483,0.756985182785073,0.8382681427834262,0.9822822051444392,211.59038693600343,2,2026-09-26T20:24:43-04:00
0.0325,0.0325,0.0,0.65,0.2,0.0,/home/eli/Grad/AI-for-photonics/Metasurface/Unit_cell_Libraries/Ellipse Pillar SiN on SiO2 532 nm KAIST/GDS Library/elliptical_pillar_rx_0.0325_ry_0.0325_theta_0.0.gds,0.8915562257283958,-0.32495220304672096,-0.0007233112733363161,-0.0018607281698700825,-2.1334552705766014e-11,2.9234877067516937e-12,0.8915562257283958,-0.32495220304672096,-0.0007233112733363161,-0.0018607281698700825,0.9004704233884999,0.9004704564831192,1.0334026685719577,0.8713645550455802,0.099529650796748,1.0727986721192906e-07,0.283668753935286,0.24717889755315467,0.2554353323461046,0.9489291005654635,339.9743387977878,2,2026-09-26T20:27:35-04:00
0.04166666666666667,0.0325,90.0,0.65,0.2,0.0,/home/eli/Grad/AI-for-photonics/Metasurface/Unit_cell_Libraries/Ellipse Pillar SiN on SiO2 532 nm KAIST/GDS Library/elliptical_pillar_rx_0.04166666666666667_ry_0.0325_theta_90.0.gds,0.9191783406657528,-0.24068217342566348,-9.051390356496675e-20,-7.615836237009704e-20,8.325544175587969e-19,-3.837323706541048e-19,0.9191783406657528,-0.24068217342566348,-9.051390356496675e-20,-7.615836237009704e-20,0.9028167305539478,0.9028167349347859,1.0360931029371883,0.8713664171447707,0.0971675267842402,-1.5738280973898178e-05,0.28366875393528773,0.24717942577251326,0.2561008982308757,0.9501666856683346,345.3268158369898,2,2026-09-26T20:27:54-04:00
0.05083333333333334,0.0325,90.0,0.65,0.2,0.0,/home/eli/Grad/AI-for-photonics/Metasurface/Unit_cell_Libraries/Ellipse Pillar SiN on SiO2 532 nm KAIST/GDS Library/elliptical_pillar_rx_0.05083333333333334_ry_0.0325_theta_90.0.gds,0.9403340059079122,-0.138037806642515,2.434875222723865e-26,-1.8868759590798114e-26,1.2174376113619325e-26,-9.434379795399057e-27,0.9403340059079122,-0.138037806642515,2.434875222723865e-26,-1.8868759590798114e-26,0.9032824787294977,0.903282509346873,1.0366276362895446,0.8713664171447707,0.09669960437531355,-1.7886277813405904e-05,0.28366875393528773,0.24717942577251326,0.25623302387796737,0.9504117416833073,351.64882237767983,2,2026-09-26T20:28:11-04:00
0.060000000000000005,0.0325,90.0,0.65,0.2,0.0,/home/eli/Grad/AI-for-photonics/Metasurface/Unit_cell_Libraries/Ellipse Pillar SiN on SiO2 532 nm KAIST/GDS Library/elliptical_pillar_rx_0.060000000000000005_ry_0.0325_theta_90.0.gds,0.9479797668671083,-0.062242280402445616,-1.2735689935764075e-19,-1.0877365591982322e-19,-3.0939278820618204e-19,1.4735924970975558e-18,0.9479797668671083,-0.062242280402445616,-1.2735689935764075e-19,-1.0877365591982322e-19,0.9025397398591136,0.9025397663122136,1.0357752474206998,0.8713664171447707,0.09744272141037737,-1.7512277409093002e-05,0.28366875393528773,0.24717942577251326,0.2560223308868314,0.9500209154850822,356.2434761625575,2,2026-09-26T20:28:28-04:00
0.04166666666666667,0.0325,0.0,0.65,0.2,0.0,/home/eli/Grad/AI-for-photonics/Metasurface/Unit_cell_Libraries/Ellipse Pillar SiN on SiO2 532 nm KAIST/GDS Library/elliptical_pillar_rx_0.04166666666666667_ry_0.0325_theta_0.0.gds,0.9395817734266085,-0.146469111935286,-2.1572865943580903e-06,-8.253591841388684e-06,-4.030054173535626e-11,6.998582255522912e-11,0.9395817734266085,-0.146469111935286,-2.1572865943580903e-06,-8.253591841388684e-06,0.9042671097793777,0.9042671392976738,1.0377598377872652,0.8713645550455802,0.09573295140773605,9.070540984978948e-08,0.283668753935286,0.24717889755315467,0.2565123326291968,0.9509296029184295,351.13961323456886,2,2026-09-26T20:29:43-04:00
0.04166666666666667,0.04166666666666667,0.0,0.65,0.2,0.0,/home/eli/Grad/AI-for-photonics/Metasurface/Unit_cell_Libraries/Ellipse Pillar SiN on SiO2 532 nm KAIST/GDS Library/elliptical_pillar_rx_0.04166666666666667_ry_0.04166666666666667_theta_0.0.gds,0.9493722343384786,-0.04000552574167839,-0.0,0.0,-0.0,0.0,0.9493722343384786,-0.04000552574167839,-0.0,0.0,0.9029080814227033,0.9029081111326442,1.036197968348639,0.8713664171447707,0.09709194018153186,5.131417601944577e-08,0.28366875393528773,0.24717942577251326,0.2561268188030615,0.9502147554225325,357.58704496605134,2,2026-09-26T20:30:04-04:00
0.05083333333333334,0.04166666666666667,90.0,0.65,0.2,0.0,/home/eli/Grad/AI-for-photonics/Metasurface/Unit_cell_Libraries/Ellipse Pillar SiN on SiO2 532 nm KAIST/GDS Library/elliptical_pillar_rx_0.05083333333333334_ry_0.04166666666666667_theta_90.0.gds,0.9421926515254189,0.10577921198855976,5.59000376614409e-20,-3.762225710861337e-20,-7.81200728653287e-19,1.4929129043555389e-19,0.9421926515254189,0.10577921198855976,5.59000376614409e-20,-3.762225710861337e-20,0.8989162342774202,0.898916257177371,1.0316168255862712,0.8713664171447707,0.10108376531762477,2.2494995866040313e-08,0.28366875393528773,0.24717942577251326,0.2549944545656775,0.9481119313021117,6.405727607714468,2,2026-09-26T20:30:21-04:00
0.060000000000000005,0.04166666666666667,90.0,0.65,0.2,0.0,/home/eli/Grad/AI-for-photonics/Metasurface/Unit_cell_Libraries/Ellipse Pillar SiN on SiO2 532 nm KAIST/GDS Library/elliptical_pillar_rx_0.060000000000000005_ry_0.04166666666666667_theta_90.0.gds,0.9193999023998489,0.22053776492570865,-8.142163044606184e-21,3.4322020487375677e-20,7.049055029519314e-19,7.707659938266938e-19,0.9193999023998489,0.22053776492570865,-8.142163044606184e-21,3.4322020487375677e-20,0.8939330862912789,0.893933105074239,1.025898046430815,0.8713664171447707,0.10606689152695067,-3.398810344279468e-09,0.28366875393528773,0.24717942577251326,0.253580890017912,0.9454803468561781,13.488767501874804,2,2026-09-26T20:30:38-04:00
0.05083333333333334,0.0325,0.0,0.65,0.2,0.0,/home/eli/Grad/AI-for-photonics/Metasurface/Unit_cell_Libraries/Ellipse Pillar SiN on SiO2 532 nm KAIST/GDS Library/elliptical_pillar_rx_0.05083333333333334_ry_0.0325_theta_0.0.gds,0.9468542240033118,0.07145468433735362,-1.223893128066414e-06,-8.437099146174273e-06,-1.1058475404001412e-11,-4.6936883739965764e-11,0.9468542240033118,0.07145468433735362,-1.223893128066414e-06,-8.437099146174273e-06,0.9016386934993471,0.9016387179383739,1.034743394963099,0.8713645550455802,0.09836132418950964,4.212788362600861e-08,0.283668753935286,0.24717889755315467,0.25576673161738733,0.9495465725422132,4.315665794862296,2,2026-09-28T09:46:53-04:00
0.05083333333333334,0.04166666666666667,0.0,0.65,0.2,0.0,/home/eli/Grad/AI-for-photonics/Metasurface/Unit_cell_Libraries/Ellipse Pillar SiN on SiO2 532 nm KAIST/GDS Library/elliptical_pillar_rx_0.05083333333333334_ry_0.04166666666666667_theta_0.0.gds,0.9167206385165986,0.23281842932073887,-0.0,0.0,-0.0,0.0,0.9167206385165986,0.23281842932073887,-0.0,0.0,0.8945811501136561,0.8945811704576236,1.026641781064872,0.8713664171447707,0.10541881987612005,-9.666256350904234e-09,0.28366875393528773,0.24717942577251326,0.25376472591768534,0.945823001472081,14.250061431148376,2,2026-09-28T09:48:12-04:00
0.05083333333333334,0.05083333333333334,0.0,0.65,0.2,0.0,/home/eli/Grad/AI-for-photonics/Metasurface/Unit_cell_Libraries/Ellipse Pillar SiN on SiO2 532 nm KAIST/GDS Library/elliptical_pillar_rx_0.05083333333333334_ry_0.05083333333333334_theta_0.0.gds,0.8546891201471801,0.39428840225262995,-0.0,0.0,-0.0,0.0,0.8546891201471801,0.39428840225262995,-0.0,0.0,0.8859568362488927,0.8859568439184415,1.016744306971893,0.8713664171447707,0.11404311436697372,-4.171458478641199e-08,0.28366875393528773,0.24717942577251326,0.2513182739547845,0.9412528014560662,24.764998715777203,2,2026-09-28T09:48:28-04:00
0.060000000000000005,0.05083333333333334,90.0,0.65,0.2,0.0,/home/eli/Grad/AI-for-photonics/Metasurface/Unit_cell_Libraries/Ellipse Pillar SiN on SiO2 532 nm KAIST/GDS Library/elliptical_pillar_rx_0.060000000000000005_ry_0.05083333333333334_theta_90.0.gds,0.767939234734868,0.5378582062471637,6.493629498629078e-20,9.941081401392443e-20,2.7459857282562567e-19,3.0694455708632623e-19,0.767939234734868,0.5378582062471637,6.493629498629078e-20,9.941081401392443e-20,0.8790221182725914,0.8790221205787283,1.008785860096655,0.8713664171447707,0.12097781931286977,-6.010840192249844e-08,0.28366875393528773,0.24717942577251326,0.2493511096261221,0.9375617943754915,35.00707668329133,2,2026-09-28T09:48:46-04:00
0.060000000000000005,0.0325,0.0,0.65,0.2,0.0,/home/eli/Grad/AI-for-photonics/Metasurface/Unit_cell_Libraries/Ellipse Pillar SiN on SiO2 532 nm KAIST/GDS Library/elliptical_pillar_rx_0.060000000000000005_ry_0.0325_theta_0.0.gds,0.8928835562120221,0.3080530682046606,-5.470143957629638e-07,-8.460620984674271e-06,2.0347456355750323e-11,3.314105845608878e-11,0.8928835562120221,0.3080530682046606,-5.470143957629638e-07,-8.460620984674271e-06,0.8921377378560138,0.8921377581788705,1.0238398532657822,0.8713645550455802,0.10786222157173461,-2.0249394827587253e-08,0.283668753935286,0.24717889755315467,0.2530716062012197,0.9445304324287982,19.03490694329558,2,2026-09-28T09:51:06-04:00
0.060000000000000005,0.04166666666666667,0.0,0.65,0.2,0.0,/home/eli/Grad/AI-for-photonics/Metasurface/Unit_cell_Libraries/Ellipse Pillar SiN on SiO2 532 nm KAIST/GDS Library/elliptical_pillar_rx_0.060000000000000005_ry_0.04166666666666667_theta_0.0.gds,0.7991344352727969,0.4929344700769201,-0.0,0.0,3.773751918159623e-26,4.86975044544773e-26,0.7991344352727969,0.4929344700769201,-0.0,0.0,0.881600237428786,0.8816002411761893,1.011744570171699,0.8713664171447707,0.11839969097316276,-6.785064798897622e-08,0.28366875393528773,0.24717942577251326,0.25008244188349876,0.938935693979511,31.66775791445764,2,2026-09-28T09:51:22-04:00
0.060000000000000005,0.05083333333333334,0.0,0.65,0.2,0.0,/home/eli/Grad/AI-for-photonics/Metasurface/Unit_cell_Libraries/Ellipse Pillar SiN on SiO2 532 nm KAIST/GDS Library/elliptical_pillar_rx_0.060000000000000005_ry_0.05083333333333334_theta_0.0.gds,0.655859329764009,0.6669980740165551,-0.0,0.0,-0.0,0.0,0.655859329764009,0.6669980740165551,-0.0,0.0,0.875037891180289,0.8750378798089836,1.0042134543998646,0.8713664171447707,0.12496204816773615,-7.202328022870574e-08,0.28366875393528773,0.24717942577251326,0.24822090501159044,0.9354346001620257,45.48243140242737,2,2026-09-28T09:51:39-04:00
0.060000000000000005,0.060000000000000005,0.0,0.65,0.2,0.0,/home/eli/Grad/AI-for-photonics/Metasurface/Unit_cell_Libraries/Ellipse Pillar SiN on SiO2 532 nm KAIST/GDS Library/elliptical_pillar_rx_0.060000000000000005_ry_0.060000000000000005_theta_0.0.gds,0.5079123841277909,0.7862964385201592,-8.523828307779692e-20,8.288885669697166e-20,-1.0946950760041076e-18,-4.0174948701880075e-21,0.5079123841277909,0.7862964385201592,-8.523828307779692e-20,8.288885669697166e-20,0.8762370791798632,0.8762370591534182,1.0055896600015952,0.8713664171447707,0.1237629020881637,-3.875841803058222e-08,0.28366875393528773,0.24717942577251326,0.24856107472197114,0.9360753597760509,57.13934534449631,2,2026-09-28T09:51:57-04:00
0.0325,0.0325,0.0,0.65,0.25,0.0,/home/eli/Grad/AI-for-photonics/Metasurface/Unit_cell_Libraries/Ellipse Pillar SiN on SiO2 532 nm KAIST/GDS Library/elliptical_pillar_rx_0.0325_ry_0.0325_theta_0.0.gds,0.8203333364797305,-0.46884203378372213,-0.000677162245392705,-0.0010949967578212333,-1.1485136301681705e-12,6.7357477161652144e-12,0.8203333364797305,-0.46884203378372213,-0.000677162245392705,-0.0010949967578212333,0.8927612931490297,0.8927613256251765,1.0245555250104224,0.8713645125442028,0.10723883845081808,1.6407599456869093e-07,0.4432324280238849,0.3862170085888159,0.3957007700026691,0.9448595851143299,330.25090002078895,2,2026-09-28T09:56:13-04:00
0.05,0.0325,90.0,0.65,0.25,0.0,/home/eli/Grad/AI-for-photonics/Metasurface/Unit_cell_Libraries/Ellipse Pillar SiN on SiO2 532 nm KAIST/GDS Library/elliptical_pillar_rx_0.05_ry_0.0325_theta_90.0.gds,0.8753261801676347,-0.36376631436658274,-1.6730623721196916e-20,2.3041590184069045e-20,-2.489057672233558e-18,-5.705560351420256e-19,0.8753261801676347,-0.36376631436658274,-1.6730623721196916e-20,2.3041590184069045e-20,0.8985218531547101,0.8985218844696948,1.0311623791040756,0.8713679849825153,0.10146470704654306,-1.3408483762078482e-05,0.4432324280238867,0.3862185476860819,0.398254036486101,0.9479039261205273,337.43330375509123,2,2026-09-28T09:56:35-04:00
0.0675,0.0325,90.0,0.65,0.25,0.0,/home/eli/Grad/AI-for-photonics/Metasurface/Unit_cell_Libraries/Ellipse Pillar SiN on SiO2 532 nm KAIST/GDS Library/elliptical_pillar_rx_0.0675_ry_0.0325_theta_90.0.gds,0.9095036945575391,-0.27165250919479744,-0.00015296086144929056,-0.0013614055506177588,-1.7850398246062272e-11,-5.259918993700351e-13,0.9095036945575391,-0.27165250919479744,-0.00015296086144929056,-0.0013614055506177588,0.9009939329877412,0.9009939644138142,1.0340035099468299,0.8713645125442028,0.09900615439683152,1.1881064576613198e-07,0.4432324280238849,0.3862170085888159,0.3993497424820006,0.9492060135532449,343.37005413000554,2,2026-09-28T09:58:21-04:00
0.08499999999999999,0.0325,90.0,0.65,0.25,0.0,/home/eli/Grad/AI-for-photonics/Metasurface/Unit_cell_Libraries/Ellipse Pillar SiN on SiO2 532 nm KAIST/GDS Library/elliptical_pillar_rx_0.08499999999999999_ry_0.0325_theta_90.0.gds,0.9352093590425714,-0.1659062517262577,-4.317345273633315e-05,0.0003000558942054342,7.830926448104153e-12,3.0197671011363745e-11,0.9352093590425714,-0.1659062517262577,-4.317345273633315e-05,0.0003000558942054342,0.9021415215001604,0.9021415527366409,1.0353205113926152,0.8713645125442028,0.09785851837993549,7.111657640557212e-08,0.4432324280238849,0.3862170085888159,0.39985839084069896,0.9498112599894116,349.94037869834,2,2026-09-28T10:00:00-04:00
0.05,0.0325,0.0,0.65,0.25,0.0,/home/eli/Grad/AI-for-photonics/Metasurface/Unit_cell_Libraries/Ellipse Pillar SiN on SiO2 532 nm KAIST/GDS Library/elliptical_pillar_rx_0.05_ry_0.0325_theta_0.0.gds,0.9165688806049184,-0.2503805506840238,-2.0512279701350767e-06,-4.955757754895592e-06,-2.1664999000057114e-11,1.7188642555900674e-11,0.9165688806049184,-0.2503805506840238,-2.0512279701350767e-06,-4.955757754895592e-06,0.9027889330829553,0.9027889630731067,1.0360634959038566,0.8713645125442028,0.09721114726455278,1.1033765945356322e-07,0.4432324280238849,0.3862170085888159,0.40014534409605845,0.9501520578592608,344.7211905243427,2,2026-09-28T10:01:42-04:00
0.05,0.05,0.0,0.65,0.25,0.0,/home/eli/Grad/AI-for-photonics/Metasurface/Unit_cell_Libraries/Ellipse Pillar SiN on SiO2 532 nm KAIST/GDS Library/elliptical_pillar_rx_0.05_ry_0.05_theta_0.0.gds,0.9495059693563499,-0.027389336363952792,1.3569294143760785e-20,9.7660792533732e-21,-4.1986813043383886e-19,9.372393342767661e-19,0.9495059693563499,-0.027389336363952792,1.3569294143760785e-20,9.7660792533732e-21,0.9023117615897994,0.9023117866571333,1.0355117495798734,0.8713679849825153,0.09768826774534048,5.4402473859127554e-08,0.4432324280238867,0.3862185476860819,0.3999338440346124,0.9499009219859719,358.34771093245024,2,2026-09-28T10:02:03-04:00
0.0675,0.05,90.0,0.65,0.25,0.0,/home/eli/Grad/AI-for-photonics/Metasurface/Unit_cell_Libraries/Ellipse Pillar SiN on SiO2 532 nm KAIST/GDS Library/elliptical_pillar_rx_0.0675_ry_0.05_theta_90.0.gds,0.9289910446838574,0.1797534930671116,2.3358467768933928e-06,-4.691865987422588e-06,-4.499556491389516e-12,-4.7936914311783553e-11,0.9289910446838574,0.1797534930671116,2.3358467768933928e-06,-4.691865987422588e-06,0.8953356794001028,0.8953357006291661,1.027509943014517,0.8713645125442028,0.1046642952934623,-4.077371551503006e-09,0.4432324280238849,0.3862170085888159,0.39684181648633143,0.9462217918504271,10.951017358262547,2,2026-09-28T10:03:48-04:00
0.08499999999999999,0.05,90.0,0.65,0.25,0.0,/home/eli/Grad/AI-for-photonics/Metasurface/Unit_cell_Libraries/Ellipse Pillar SiN on SiO2 532 nm KAIST/GDS Library/elliptical_pillar_rx_0.08499999999999999_ry_0.05_theta_90.0.gds,0.8701521043055643,0.3592039944314412,5.1629244218051085e-20,2.2441588753597204e-20,-9.773676885875042e-21,2.6327367306795394e-19,0.8701521043055643,0.3592039944314412,5.1629244218051085e-20,2.2441588753597204e-20,0.8861921942429045,0.8861922089726255,1.0170125873862668,0.8713679849825153,0.11380775425962256,-3.676775195415871e-08,0.4432324280238867,0.3862185476860819,0.3927891244787884,0.9413778169485961,22.43112806036309,2,2026-09-28T10:04:09-04:00
0.0675,0.0325,0.0,0.65,0.25,0.0,/home/eli/Grad/AI-for-photonics/Metasurface/Unit_cell_Libraries/Ellipse Pillar SiN on SiO2 532 nm KAIST/GDS Library/elliptical_pillar_rx_0.0675_ry_0.0325_theta_0.0.gds,0.9478559076184162,0.06397961118820061,-0.000147383603085878,-0.0012810321398561114,1.0077249233822647e-11,2.904826685012548e-11,0.9478559076184162,0.06397961118820061,-0.000147383603085878,-0.0012810321398561114,0.9025258750201947,0.9025258973861542,1.0357615950539076,0.8713645125442028,0.09747411489275644,1.2278910554996969e-08,0.4432324280238849,0.3862170085888159,0.40002874485290074,0.9500127432065977,3.861567540082274,2,2026-09-28T10:05:49-04:00
0.0675,0.05,0.0,0.65,0.25,0.0,/home/eli/Grad/AI-for-photonics/Metasurface/Unit_cell_Libraries/Ellipse Pillar SiN on SiO2 532 nm KAIST/GDS Library/elliptical_pillar_rx_0.0675_ry_0.05_theta_0.0.gds,0.8489906765588606,0.4075436883592681,0.0004030223291988178,-0.0011405389419807898,-1.3002148667779887e-11,5.5444288614843e-12,0.8489906765588606,0.4075436883592681,0.0004030223291988178,-0.0011405389419807898,0.886878490061424,0.8868785005633532,1.0178042458647447,0.8713645125442028,0.11312144596046043,-5.3476186367973355e-08,0.4432324280238849,0.3862170085888159,0.3930933111668774,0.9417414861868134,25.642550566843138,2,2026-09-28T10:07:30-04:00
0.0675,0.0675,0.0,0.65,0.25,0.0,/home/eli/Grad/AI-for-photonics/Metasurface/Unit_cell_Libraries/Ellipse Pillar SiN on SiO2 532 nm KAIST/GDS Library/elliptical_pillar_rx_0.0675_ry_0.0675_theta_0.0.gds,0.6580078776739392,0.6660869282946879,0.0009469470039196742,-0.0009293478657584642,1.73647646064979e-11,-2.708500664001605e-11,0.6580078776739392,0.6660869282946879,0.0009469470039196742,-0.0009293478657584642,0.8766479235220981,0.876647921728956,1.0060633742924954,0.8713645125442028,0.12335206256560824,-1.5705435729707062e-08,0.4432324280238849,0.3862170085888159,0.38855878687001777,0.936293844434542,45.34958958881904,2,2026-09-28T10:09:15-04:00
0.08499999999999999,0.0675,90.0,0.65,0.25,0.0,/home/eli/Grad/AI-for-photonics/Metasurface/Unit_cell_Libraries/Ellipse Pillar SiN on SiO2 532 nm KAIST/GDS Library/elliptical_pillar_rx_0.08499999999999999_ry_0.0675_theta_90.0.gds,0.4235886828285387,0.8388638859974178,-7.695000039279051e-21,1.0848473963559743e-20,-6.600022368192306e-20,-7.915016512478952e-19,0.4235886828285387,0.8388638859974178,-7.695000039279051e-21,1.0848473963559743e-20,0.8831199914511052,0.8831195100158831,1.0134862942360725,0.8713679849825153,0.11691050154068135,3.001155656434662e-05,0.4432324280238867,0.3862185476860819,0.39142720465960495,0.9397446416187246,63.208269585121286,2,2026-09-28T10:09:37-04:00
0.08499999999999999,0.0325,0.0,0.65,0.25,0.0,/home/eli/Grad/AI-for-photonics/Metasurface/Unit_cell_Libraries/Ellipse Pillar SiN on SiO2 532 nm KAIST/GDS Library/elliptical_pillar_rx_0.08499999999999999_ry_0.0325_theta_0.0.gds,0.845255153363041,0.4167611728654493,0.00025793642678435303,-0.001705265494117347,-2.3044873364851433e-11,-2.5390600462571525e-11,0.845255153363041,0.4167611728654493,0.00025793642678435303,-0.001705265494117347,0.8881491239565686,0.8881491308050595,1.0192624533352284,0.8713645125442028,0.11185083828320289,-3.091173761404775e-08,0.4432324280238849,0.3862170085888159,0.3936564956940295,0.942415062217791,26.246044623201602,2,2026-09-28T10:11:18-04:00
0.08499999999999999,0.05,0.0,0.65,0.25,0.0,/home/eli/Grad/AI-for-photonics/Metasurface/Unit_cell_Libraries/Ellipse Pillar SiN on SiO2 532 nm KAIST/GDS Library/elliptical_pillar_rx_0.08499999999999999_ry_0.05_theta_0.0.gds,0.5068240467881416,0.7882461660749754,-0.0,0.0,-0.0,0.0,0.5068240467881416,0.7882461660749754,-0.0,0.0,0.8782026327346062,0.8782026148895359,1.0078435632531964,0.8713679849825153,0.12179736088937662,-2.422108746902296e-08,0.4432324280238867,0.3862185476860819,0.3892478772944153,0.9371246623233251,57.259920385672665,2,2026-09-28T10:11:41-04:00
0.08499999999999999,0.0675,0.0,0.65,0.25,0.0,/home/eli/Grad/AI-for-photonics/Metasurface/Unit_cell_Libraries/Ellipse Pillar SiN on SiO2 532 nm KAIST/GDS Library/elliptical_pillar_rx_0.08499999999999999_ry_0.0675_theta_0.0.gds,0.08872319830698283,0.9505533092660912,4.525953839983763e-06,-2.7893350350542976e-06,-2.28768665466909e-11,1.8782899241268075e-11,0.08872319830698283,0.9505533092660912,4.525953839983763e-06,-2.7893350350542976e-06,0.9114233997028021,0.91142335001476,1.045972537203281,0.8713645125442028,0.08857670010078288,5.011554282674524e-08,0.4432324280238849,0.3862170085888159,0.4039723843847052,0.9546849740487893,84.66754894643373,2,2026-09-28T10:13:31-04:00
0.08499999999999999,0.08499999999999999,0.0,0.65,0.25,0.0,/home/eli/Grad/AI-for-photonics/Metasurface/Unit_cell_Libraries/Ellipse Pillar SiN on SiO2 532 nm KAIST/GDS Library/elliptical_pillar_rx_0.08499999999999999_ry_0.08499999999999999_theta_0.0.gds,-0.36166010368024804,0.9136668372120336,-0.0,0.0,-0.0,0.0,-0.36166010368024804,0.9136668372120336,-0.0,0.0,0.9655851200150485,0.9655850302160259,1.1081254382273422,0.8713679849825153,0.034415002632539424,3.284856542329351e-08,0.4432324280238867,0.3862185476860819,0.42797859740616717,0.9826419083343884,111.59532746981355,2,2026-09-28T10:13:56-04:00
0.0325,0.0325,0.0,0.65,0.3,0.0,/home/eli/Grad/AI-for-photonics/Metasurface/Unit_cell_Libraries/Ellipse Pillar SiN on SiO2 532 nm KAIST/GDS Library/elliptical_pillar_rx_0.0325_ry_0.0325_theta_0.0.gds,0.7725194698489247,-0.5388972777477599,-0.0005463957800484758,-0.0007187479307703202,-1.9731187362532793e-12,1.3812098596513852e-11,0.7725194698489247,-0.5388972777477599,-0.0005463957800484758,-0.0007187479307703202,0.8871974224065462,0.8871974609332723,1.0181702318675034,0.8713645647506272,0.11280271701058528,1.7794385764879905e-07,0.6382546963544048,0.5561525256888996,0.5662579460343646,0.9419111461595567,325.10098626058266,2,2026-09-28T10:20:34-04:00
0.058333333333333334,0.0325,90.0,0.65,0.3,0.0,/home/eli/Grad/AI-for-photonics/Metasurface/Unit_cell_Libraries/Ellipse Pillar SiN on SiO2 532 nm KAIST/GDS Library/elliptical_pillar_rx_0.058333333333333334_ry_0.0325_theta_90.0.gds,0.836223295591288,-0.44147898110077277,-0.0003987299857174665,-0.0008861094819108452,8.499402408251086e-21,4.010196941786841e-19,0.836223295591288,-0.44147898110077277,-0.0003987299857174665,-0.0008861094819108452,0.8941740350189465,0.8941740770860128,1.0261767729123956,0.8713645647506272,0.10582609146193048,1.685479433799486e-07,0.6382546963544048,0.5561525256888996,0.5707108040585133,0.9456072603588295,332.1684600388823,2,2026-09-28T10:23:04-04:00
0.08416666666666667,0.0325,90.0,0.65,0.3,0.0,/home/eli/Grad/AI-for-photonics/Metasurface/Unit_cell_Libraries/Ellipse Pillar SiN on SiO2 532 nm KAIST/GDS Library/elliptical_pillar_rx_0.08416666666666667_ry_0.0325_theta_90.0.gds,0.8857943140174974,-0.33816186950555704,-1.721434409555311e-20,1.1326916039674558e-20,-8.219805593540168e-19,3.0720341787206336e-19,0.8857943140174974,-0.33816186950555704,-1.721434409555311e-20,1.1326916039674558e-20,0.8989850167332223,0.8989850618032319,1.031697980581179,0.8713645647506386,0.10100391979335586,-1.1018403412221822e-05,0.6382546963543945,0.556152525688898,0.5737814376483583,0.9481482039919826,339.10508570754047,2,2026-09-28T10:23:34-04:00
0.10999999999999999,0.0325,90.0,0.65,0.3,0.0,/home/eli/Grad/AI-for-photonics/Metasurface/Unit_cell_Libraries/Ellipse Pillar SiN on SiO2 532 nm KAIST/GDS Library/elliptical_pillar_rx_0.10999999999999999_ry_0.0325_theta_90.0.gds,0.9183275708724724,-0.24023206508355274,0.00017487246277693067,-0.0011281907103575677,-3.6308357926932026e-12,9.670675606506967e-12,0.9183275708724724,-0.24023206508355274,0.00017487246277693067,-0.0011281907103575677,0.9010382759135014,0.9010383255742288,1.0340543579851609,0.8713645647506272,0.09896177443320935,1.000074381085625e-07,0.6382546963544048,0.5561525256888996,0.5750919428930608,0.9492296732186811,345.3400905301795,2,2026-09-28T10:26:09-04:00
0.058333333333333334,0.0325,0.0,0.65,0.3,0.0,/home/eli/Grad/AI-for-photonics/Metasurface/Unit_cell_Libraries/Ellipse Pillar SiN on SiO2 532 nm KAIST/GDS Library/elliptical_pillar_rx_0.058333333333333334_ry_0.0325_theta_0.0.gds,0.9050057670232468,-0.2887501628596383,2.1225915701998564e-19,-5.720311450347384e-19,-5.804368126754107e-12,2.534289249003908e-12,0.9050057670232468,-0.2887501628596383,2.1225915701998564e-19,-5.720311450347384e-19,0.9024120948968029,0.902412135329832,1.035630976786496,0.8713645647506272,0.09758797493144099,1.1026127300084454e-07,0.6382546963544048,0.5561525256888996,0.575968783421472,0.9499537330295633,342.3042531004352,2,2026-09-28T10:28:38-04:00
0.058333333333333334,0.058333333333333334,0.0,0.65,0.3,0.0,/home/eli/Grad/AI-for-photonics/Metasurface/Unit_cell_Libraries/Ellipse Pillar SiN on SiO2 532 nm KAIST/GDS Library/elliptical_pillar_rx_0.058333333333333334_ry_0.058333333333333334_theta_0.0.gds,0.949794500479659,0.008546324051672296,-0.0,0.0,-0.0,0.0,0.949794500479659,0.008546324051672296,-0.0,0.0,0.9021826327962011,0.9021826717985821,1.0353676386378678,0.8713645647506386,0.09781735012088899,2.191947112706316e-08,0.6382546963543945,0.556152525688898,0.5758223272450004,0.9498329499423576,0.5155379226893451,2,2026-09-28T10:29:07-04:00
0.08416666666666667,0.058333333333333334,90.0,0.65,0.3,0.0,/home/eli/Grad/AI-for-photonics/Metasurface/Unit_cell_Libraries/Ellipse Pillar SiN on SiO2 532 nm KAIST/GDS Library/elliptical_pillar_rx_0.08416666666666667_ry_0.058333333333333334_theta_90.0.gds,0.8986314505180482,0.28938291446199405,1.3552505542229656e-20,-2.608534145077018e-20,1.2168576771411558e-18,-3.022228362917115e-19,0.8986314505180482,0.28938291446199405,1.3552505542229656e-20,-2.608534145077018e-20,0.8912809550426891,0.891280992435391,1.0228565958387945,0.8713645647506386,0.10871898040700434,-2.7157604609584496e-08,0.6382546963543945,0.556152525688898,0.5688642791932939,0.9440767739133767,17.849921164041337,2,2026-09-28T10:29:36-04:00
0.10999999999999999,0.058333333333333334,90.0,0.65,0.3,0.0,/home/eli/Grad/AI-for-photonics/Metasurface/Unit_cell_Libraries/Ellipse Pillar SiN on SiO2 532 nm KAIST/GDS Library/elliptical_pillar_rx_0.10999999999999999_ry_0.058333333333333334_theta_90.0.gds,0.7886050370603574,0.5087291951952214,3.9444568523211866e-20,2.4881923645247486e-20,1.438190778955486e-20,-9.535268725045995e-19,0.7886050370603574,0.5087291951952214,3.9444568523211866e-20,2.4881923645247486e-20,0.8807032985209453,0.8807033315279287,1.0107174048097338,0.8713645647506386,0.11929661644155438,-5.203051689495197e-08,0.6382546963543945,0.556152525688898,0.5621130374426617,0.9384579364686226,32.82606653386406,2,2026-09-28T10:30:06-04:00
0.08416666666666667,0.0325,0.0,0.65,0.3,0.0,/home/eli/Grad/AI-for-photonics/Metasurface/Unit_cell_Libraries/Ellipse Pillar SiN on SiO2 532 nm KAIST/GDS Library/elliptical_pillar_rx_0.08416666666666667_ry_0.0325_theta_0.0.gds,0.9464664557755449,0.09000345770468449,7.9968896497855415e-19,5.230408056674338e-20,-1.3163370354021201e-11,2.8435743966565333e-11,0.9464664557755449,0.09000345770468449,7.9968896497855415e-19,5.230408056674338e-20,0.9038993743071204,0.9038994052343483,1.0373378053226363,0.8713645647506452,0.09610061180674101,1.7041089428460054e-08,0.6382546963543914,0.5561525256888994,0.576918040422764,0.9507362275137728,5.432160674961762,2,2026-09-28T10:35:10-04:00
0.08416666666666667,0.058333333333333334,0.0,0.65,0.3,0.0,/home/eli/Grad/AI-for-photonics/Metasurface/Unit_cell_Libraries/Ellipse Pillar SiN on SiO2 532 nm KAIST/GDS Library/elliptical_pillar_rx_0.08416666666666667_ry_0.058333333333333334_theta_0.0.gds,0.7019567528212531,0.6229110599215694,2.817601973053066e-20,3.525070731517253e-20,1.0506336112469812e-19,-4.442937728489192e-19,0.7019567528212531,0.6229110599215694,2.817601973053066e-20,3.525070731517253e-20,0.8807614714039708,0.8807614736710473,1.0107841302028289,0.8713645647506452,0.11923847661456298,-4.9714389716015717e-08,0.6382546963543914,0.5561525256888994,0.5621501469385606,0.9384889298249451,41.585604933246074,2,2026-09-28T10:36:11-04:00
0.08416666666666667,0.08416666666666667,0.0,0.65,0.3,0.0,/home/eli/Grad/AI-for-photonics/Metasurface/Unit_cell_Libraries/Ellipse Pillar SiN on SiO2 532 nm KAIST/GDS Library/elliptical_pillar_rx_0.08416666666666667_ry_0.08416666666666667_theta_0.0.gds,0.28499266777113075,0.9027094627242662,2.884729487407686e-20,8.502493282231366e-21,-2.310455613457768e-18,1.3429577632745271e-18,0.28499266777113075,0.9027094627242662,2.884729487407686e-20,8.502493282231366e-21,0.8961051947752395,0.8961051614879864,1.028392934184122,0.8713645647506452,0.10389482784557548,-1.0666438177153736e-08,0.6382546963543914,0.5561525256888994,0.5719433277471175,0.9466283297975185,72.47867255420583,2,2026-09-28T10:37:12-04:00
0.10999999999999999,0.08416666666666667,90.0,0.65,0.3,0.0,/home/eli/Grad/AI-for-photonics/Metasurface/Unit_cell_Libraries/Ellipse Pillar SiN on SiO2 532 nm KAIST/GDS Library/elliptical_pillar_rx_0.10999999999999999_ry_0.08416666666666667_theta_90.0.gds,-0.17309267679918278,0.9572978339871833,-2.422137410879906e-20,1.0713454804301703e-19,-2.2043182423884054e-18,2.153971375402084e-18,-0.17309267679918278,0.9572978339871833,-2.422137410879906e-20,1.0713454804301703e-19,0.9463802177180591,0.9463801543851621,1.0860897868344965,0.8713645647506452,0.053619865982899105,2.0368061237618917e-08,0.6382546963543914,0.5561525256888994,0.6040315780729236,0.9728207531287864,100.24913232321678,2,2026-09-28T10:38:19-04:00
0.10999999999999999,0.0325,0.0,0.65,0.3,0.0,/home/eli/Grad/AI-for-photonics/Metasurface/Unit_cell_Libraries/Ellipse Pillar SiN on SiO2 532 nm KAIST/GDS Library/elliptical_pillar_rx_0.10999999999999999_ry_0.0325_theta_0.0.gds,0.805199390155697,0.4884624137518998,-1.1504007459924015e-06,0.00014387685503194933,0.0010589235419240475,8.476984303903175e-06,0.805199390155697,0.4884624137518998,-1.1504007459924015e-06,0.00014387685503194933,0.8869416082573113,0.8869430095072749,1.0178782169792362,0.8713645647506452,0.11222224976306436,-0.0008347407296607212,0.6382546963543914,0.5561525256888994,0.5660955412167158,0.9417757628838398,31.242480711477004,2,2026-09-28T10:39:19-04:00
0.10999999999999999,0.058333333333333334,0.0,0.65,0.3,0.0,/home/eli/Grad/AI-for-photonics/Metasurface/Unit_cell_Libraries/Ellipse Pillar SiN on SiO2 532 nm KAIST/GDS Library/elliptical_pillar_rx_0.10999999999999999_ry_0.058333333333333334_theta_0.0.gds,0.052458807321057184,0.9556301966517027,-4.1718530633113134e-19,1.9146077599616866e-19,4.1597025499846683e-19,3.6681269850037785e-18,0.052458807321057184,0.9556301966517027,-4.1718530633113134e-19,1.9146077599616866e-19,0.9159809992181198,0.915980925263869,1.0512028630932353,0.8713645647506452,0.08401913015302569,5.541689462873478e-08,0.6382546963543914,0.5561525256888994,0.5846291273207052,0.9570689626239688,86.85793247273965,2,2026-09-28T10:40:20-04:00
0.10999999999999999,0.08416666666666667,0.0,0.65,0.3,0.0,/home/eli/Grad/AI-for-photonics/Metasurface/Unit_cell_Libraries/Ellipse Pillar SiN on SiO2 532 nm KAIST/GDS Library/elliptical_pillar_rx_0.10999999999999999_ry_0.08416666666666667_theta_0.0.gds,-0.7189384978582075,0.6934945009131589,-3.1888336186449557e-19,-2.2631850183238656e-20,7.728263240621183e-19,1.386980191153741e-19,-0.7189384978582075,0.6934945009131589,-3.1888336186449557e-19,-2.2631850183238656e-20,0.9978071864994071,0.9978070598507882,1.1451086034653322,0.8713645647506452,0.002192913082355875,-2.7066855867730055e-08,0.6382546963543914,0.5561525256888994,0.6368550420053328,0.9989029915359184,136.03203194381615,2,2026-09-28T10:41:27-04:00
0.10999999999999999,0.10999999999999999,0.0,0.65,0.3,0.0,/home/eli/Grad/AI-for-photonics/Metasurface/Unit_cell_Libraries/Ellipse Pillar SiN on SiO2 532 nm KAIST/GDS Library/elliptical_pillar_rx_0.10999999999999999_ry_0.10999999999999999_theta_0.0.gds,-0.9784094569672425,0.08052347582161334,-4.773294693839176e-20,-6.579984428049385e-20,6.492759494581585e-19,4.445918950219748e-20,-0.9784094569672425,0.08052347582161334,-4.773294693839176e-20,-6.579984428049385e-20,0.9637690956413282,0.9637689794672986,1.1060456420362887,0.8713645647506452,0.03623089991363904,-1.2061906240479203e-07,0.6382546963543914,0.5561525256888994,0.6151300773456823,0.9817174214820312,175.29513868283473,2,2026-09-28T10:42:33-04:00
0.0325,0.0325,0.0,0.65,0.35,0.0,/home/eli/Grad/AI-for-photonics/Metasurface/Unit_cell_Libraries/Ellipse Pillar SiN on SiO2 532 nm KAIST/GDS Library/elliptical_pillar_rx_0.0325_ry_0.0325_theta_0.0.gds,0.7397754708978354,-0.5798676736879766,0.0005313005875550126,-0.0005993670256252698,-0.004362769983797745,-0.0038673201336336424,0.7397754708978354,-0.5798676736879766,0.0005313005875550126,-0.0005993670256252698,0.8835149078515655,0.8835636629007142,1.0140002408075732,0.8713643521396244,0.11649306701276387,5.672991347815959e-05,0.8687355589268118,0.7569851974849158,0.767583172537473,0.9399543958780233,321.9091326933559,2,2026-09-28T10:46:10-04:00
0.06666666666666665,0.0325,90.0,0.65,0.35,0.0,/home/eli/Grad/AI-for-photonics/Metasurface/Unit_cell_Libraries/Ellipse Pillar SiN on SiO2 532 nm KAIST/GDS Library/elliptical_pillar_rx_0.06666666666666665_ry_0.0325_theta_90.0.gds,0.8075217786398408,-0.4890672192997572,0.0006079874627964954,-0.0005630508786783189,-0.004098427418315684,-0.004425519752346581,0.8075217786398408,-0.4890672192997572,0.0006079874627964954,-0.0005630508786783189,0.8912788546462957,0.8913310651892786,1.0229143101856604,0.8713643521396244,0.10872210724708448,5.3172436363047026e-05,0.8687355589268118,0.7569851974849158,0.7743309911060384,0.9440752978291768,328.7992396647704,2,2026-09-28T10:47:30-04:00
0.10083333333333332,0.0325,90.0,0.65,0.35,0.0,/home/eli/Grad/AI-for-photonics/Metasurface/Unit_cell_Libraries/Ellipse Pillar SiN on SiO2 532 nm KAIST/GDS Library/elliptical_pillar_rx_0.10083333333333332_ry_0.0325_theta_90.0.gds,0.8634646260734038,-0.3893833096459187,0.0006340412464767495,-0.0005216300735574052,-0.003796928009023849,-0.004615163253754382,0.8634646260734038,-0.3893833096459187,0.0006340412464767495,-0.0005216300735574052,0.8971911964171282,0.8972425092984588,1.0296984345243079,0.8713643521396244,0.10280715277077859,4.9662069237399464e-05,0.8687355589268118,0.7569851974849158,0.7794664728082917,0.9472014159147422,335.72678885296966,2,2026-09-28T10:48:51-04:00
0.13499999999999998,0.0325,90.0,0.65,0.35,0.0,/home/eli/Grad/AI-for-photonics/Metasurface/Unit_cell_Libraries/Ellipse Pillar SiN on SiO2 532 nm KAIST/GDS Library/elliptical_pillar_rx_0.13499999999999998_ry_0.0325_theta_90.0.gds,0.9023277649209417,-0.2935188252116823,0.0006610935920670667,-0.0004885973992112538,-0.0035564846769045584,-0.0048120760294309535,0.9023277649209417,-0.2935188252116823,0.0006610935920670667,-0.0004885973992112538,0.9003493718730243,0.9004008880286726,1.0333230706738799,0.8713643521396244,0.09964585664373497,4.6744672407506016e-05,0.8687355589268118,0.7569851974849158,0.7822102687197865,0.9488670592347846,341.98077529605473,2,2026-09-28T10:50:12-04:00
0.06666666666666665,0.0325,0.0,0.65,0.35,0.0,/home/eli/Grad/AI-for-photonics/Metasurface/Unit_cell_Libraries/Ellipse Pillar SiN on SiO2 532 nm KAIST/GDS Library/elliptical_pillar_rx_0.06666666666666665_ry_0.0325_theta_0.0.gds,0.8932365487293901,-0.3233789966926298,0.00042079469062345106,0.000183815212368923,0.0013541402217118876,-0.003036625968327472,0.8932365487293901,-0.3233789966926298,0.00042079469062345106,0.000183815212368923,0.9024457183441278,0.9024612467677162,1.0356875910194556,0.8713643521396244,0.09754019586021115,1.4426279273394016e-06,0.8687355589268118,0.7569851974849158,0.7840001756205394,0.949971319297548,340.0981920268959,2,2026-09-28T10:51:34-04:00
0.06666666666666665,0.06666666666666665,0.0,0.65,0.35,0.0,/home/eli/Grad/AI-for-photonics/Metasurface/Unit_cell_Libraries/Ellipse Pillar SiN on SiO2 532 nm KAIST/GDS Library/elliptical_pillar_rx_0.06666666666666665_ry_0.06666666666666665_theta_0.0.gds,0.9454317767412564,0.09627342612283023,8.401624300264225e-21,2.5800309304965216e-19,-8.090019808847568e-20,-1.655905739918942e-18,0.9454317767412564,0.09627342612283023,8.401624300264225e-21,2.5800309304965216e-19,0.9031098170495571,0.9031098442752112,1.0364319380952827,0.8713643521396244,0.09689015539468632,-3.3010238986719287e-10,0.8687355589268118,0.7569851974849158,0.7845636353387315,0.9503209021428273,5.814393858472789,2,2026-09-28T10:52:56-04:00
0.10083333333333332,0.06666666666666665,90.0,0.65,0.35,0.0,/home/eli/Grad/AI-for-photonics/Metasurface/Unit_cell_Libraries/Ellipse Pillar SiN on SiO2 532 nm KAIST/GDS Library/elliptical_pillar_rx_0.10083333333333332_ry_0.06666666666666665_theta_90.0.gds,0.8296437505764263,0.4477231515282221,1.39466341405037e-19,1.3404000106070287e-19,1.4472726421745335e-18,-2.0979372519897456e-19,0.8296437505764263,0.4477231515282221,1.39466341405037e-19,1.3404000106070287e-19,0.8887647732848828,0.8887648200864372,1.0199692217200373,0.8713643521396244,0.11123513898685142,-4.0926711353250766e-08,0.8687355589268118,0.7569851974849158,0.7721016027322783,0.9427432170452794,28.353833552985808,2,2026-09-28T10:54:19-04:00
0.13499999999999998,0.06666666666666665,90.0,0.65,0.35,0.0,/home/eli/Grad/AI-for-photonics/Metasurface/Unit_cell_Libraries/Ellipse Pillar SiN on SiO2 532 nm KAIST/GDS Library/elliptical_pillar_rx_0.13499999999999998_ry_0.06666666666666665_theta_90.0.gds,0.621857445614067,0.7038913931376538,-1.5366364579783403e-19,4.635825283008546e-20,-5.7978355139876e-11,-7.104166266879694e-12,0.621857445614067,0.7038913931376538,-1.5366364579783403e-19,4.635825283008546e-20,0.8821697759989193,0.8821698912255261,1.0124007128124635,0.8713643521396244,0.11783006148940608,-4.728506775020236e-08,0.8687355589268118,0.7569851974849158,0.7663723535222122,0.9392389344564669,48.540801877889734,2,2026-09-28T10:55:44-04:00
0.10083333333333332,0.0325,0.0,0.65,0.35,0.0,/home/eli/Grad/AI-for-photonics/Metasurface/Unit_cell_Libraries/Ellipse Pillar SiN on SiO2 532 nm KAIST/GDS Library/elliptical_pillar_rx_0.10083333333333332_ry_0.0325_theta_0.0.gds,0.9444544517294312,0.12407255637911986,9.853209836933244e-05,0.0002851286866621906,0.002075446638183366,-0.0007172105693776253,0.9444544517294312,0.12407255637911986,9.853209836933244e-05,0.0002851286866621906,0.9073883016449327,0.9073950821304145,1.041349786575865,0.8713643521396244,0.092628717019785,2.3799150199455e-05,0.8687355589268118,0.7569851974849158,0.788286373842006,0.9525692681574345,7.484063918071058,2,2026-09-28T10:57:07-04:00
0.10083333333333332,0.06666666666666665,0.0,0.65,0.35,0.0,/home/eli/Grad/AI-for-photonics/Metasurface/Unit_cell_Libraries/Ellipse Pillar SiN on SiO2 532 nm KAIST/GDS Library/elliptical_pillar_rx_0.10083333333333332_ry_0.06666666666666665_theta_0.0.gds,0.4161332828083802,0.8476830361988384,1.1951756394451661e-19,6.331539783079582e-20,8.119548794700195e-19,9.902895204429041e-19,0.4161332828083802,0.8476830361988384,1.1951756394451661e-19,6.331539783079582e-20,0.8917334389201604,0.8917330278241661,1.0233756127784281,0.8713643521396244,0.10826694244144103,-2.9734392947844412e-08,0.8687355589268118,0.7569851974849158,0.7746801903403251,0.9443163870865318,63.85326910428704,2,2026-09-28T10:58:32-04:00
0.10083333333333332,0.10083333333333332,0.0,0.65,0.35,0.0,/home/eli/Grad/AI-for-photonics/Metasurface/Unit_cell_Libraries/Ellipse Pillar SiN on SiO2 532 nm KAIST/GDS Library/elliptical_pillar_rx_0.10083333333333332_ry_0.10083333333333332_theta_0.0.gds,-0.3992266682762429,0.9026971270734266,-1.3653189958767764e-19,-1.1209132591501786e-19,-1.7731506857635029e-19,6.729447748078589e-19,-0.3992266682762429,0.9026971270734266,-1.3653189958767764e-19,-1.1209132591501786e-19,0.9742440358895675,0.9742432686881476,1.1180664739106039,0.8713643521396244,0.0257567403033151,8.991462685514762e-09,0.8687355589268118,0.7569851974849158,0.846359770554482,0.9870380113701638,113.85788103886189,2,2026-09-28T10:59:59-04:00
0.13499999999999998,0.10083333333333332,90.0,0.65,0.35,0.0,/home/eli/Grad/AI-for-photonics/Metasurface/Unit_cell_Libraries/Ellipse Pillar SiN on SiO2 532 nm KAIST/GDS Library/elliptical_pillar_rx_0.13499999999999998_ry_0.10083333333333332_theta_90.0.gds,-0.9423712437048655,0.24777554388190765,9.358643007870038e-19,1.8543311841538534e-18,1.883072140332104e-18,2.6097535510329186e-18,-0.9423712437048655,0.24777554388190765,9.358643007870038e-19,1.8543311841538534e-18,0.9494562811078301,0.9494396072733405,1.089601158163098,0.8713643521395953,0.05266984325043268,0.002109450523773315,0.8687355589268373,0.7569851974849128,0.8248119478918824,0.9744004726537391,165.26877053942317,2,2026-09-28T11:10:31-04:00
0.13499999999999998,0.0325,0.0,0.65,0.35,0.0,/home/eli/Grad/AI-for-photonics/Metasurface/Unit_cell_Libraries/Ellipse Pillar SiN on SiO2 532 nm KAIST/GDS Library/elliptical_pillar_rx_0.13499999999999998_ry_0.0325_theta_0.0.gds,0.7502664133658169,0.5711481917927195,-0.0004478043257608029,0.0006479906899849845,0.004716945543090021,0.00325378266812375,0.7502664133658169,0.5711481917927195,-0.0004478043257608029,0.0006479906899849845,0.8891105684335484,0.8891572993793648,1.020419640987206,0.8713643521396244,0.11112241812002506,0.00027971749938981993,0.8687355589268118,0.7569851974849158,0.772442563450187,0.9429262685983989,37.28058576022275,2,2026-09-28T11:11:53-04:00
0.13499999999999998,0.06666666666666665,0.0,0.65,0.35,0.0,/home/eli/Grad/AI-for-photonics/Metasurface/Unit_cell_Libraries/Ellipse Pillar SiN on SiO2 532 nm KAIST/GDS Library/elliptical_pillar_rx_0.13499999999999998_ry_0.06666666666666665_theta_0.0.gds,-0.637286786933086,0.767161848423746,-0.00032950819836101094,0.00015115925512747863,0.001101375632918581,0.0023984135490456673,-0.637286786933086,0.767161848423746,-0.00032950819836101094,0.00015115925512747863,0.9946718819012085,0.9946824171590096,1.1415229630596884,0.8713643521396244,0.0052925078602709605,-2.5074980719463902e-05,0.8687355589268118,0.7569851974849158,0.8641159856253043,0.9973323169718483,129.71665279259057,2,2026-09-28T11:13:18-04:00
0.13499999999999998,0.10083333333333332,0.0,0.65,0.35,0.0,/home/eli/Grad/AI-for-photonics/Metasurface/Unit_cell_Libraries/Ellipse Pillar SiN on SiO2 532 nm KAIST/GDS Library/elliptical_pillar_rx_0.13499999999999998_ry_0.10083333333333332_theta_0.0.gds,-0.9494784544731557,-0.16611010155960862,5.592046731332546e-20,8.318466364309371e-20,1.0301040082127344e-18,-2.2881866667224495e-20,-0.9494784544731557,-0.16611010155960862,5.592046731332546e-20,8.318466364309371e-20,0.9291019013488759,0.929101184829482,1.0662602647768245,0.8713643521396244,0.07089795938185127,-8.557886667093229e-07,0.8687355589268118,0.7569851974849158,0.8071432371024031,0.9638993211683863,189.92339824885872,2,2026-09-28T11:14:47-04:00
0.13499999999999998,0.13499999999999998,0.0,0.65,0.35,0.0,/home/eli/Grad/AI-for-photonics/Metasurface/Unit_cell_Libraries/Ellipse Pillar SiN on SiO2 532 nm KAIST/GDS Library/elliptical_pillar_rx_0.13499999999999998_ry_0.13499999999999998_theta_0.0.gds,-0.21192047285157797,0.15813202749838393,-0.008496943476980592,0.00463846634896994,4.243322462094699e-10,-1.370008416164931e-09,-0.21192047285157797,0.15813202749838393,-0.008496943476980592,0.00463846634896994,0.0700097383529076,0.07000671585318563,0.08034149627682995,0.8713643521395953,0.8478957557529558,-0.08209752839385853,0.8687355589268373,0.7569851974849128,0.0608173234253495,0.26441638552553065,143.2702261356095,2,2026-09-28T11:23:40-04:00
0.0375,0.0375,0.0,0.75,0.2,0.0,/home/eli/Grad/AI-for-photonics/Metasurface/Unit_cell_Libraries/Ellipse Pillar SiN on SiO2 532 nm KAIST/GDS Library/elliptical_pillar_rx_0.0375_ry_0.0375_theta_0.0.gds,0.9301263667939503,-0.09737623969937745,-0.0006965820873291169,-0.005951188040063476,4.545774490671521e-11,8.029019505848811e-11,0.9301263667939503,-0.09737623969937745,-0.0006965820873291169,-0.005951188040063476,0.8746530921289973,0.8746531184923284,1.0037741312619477,0.8713644745882343,0.12534691552672947,3.401905779298886e-08,0.2836687108594292,0.24717883719514827,0.24811172257189837,0.9352097038971018,354.02339577730174,2,2026-09-28T11:26:56-04:00
0.045,0.0375,90.0,0.75,0.2,0.0,/home/eli/Grad/AI-for-photonics/Metasurface/Unit_cell_Libraries/Ellipse Pillar SiN on SiO2 532 nm KAIST/GDS Library/elliptical_pillar_rx_0.045_ry_0.0375_theta_90.0.gds,0.9368003778920274,0.0013126362061372855,0.004313041253338684,0.0016997847941311126,0.012991294905425128,-0.03296418161020148,0.9368003778920274,0.0013126362061372855,0.004313041253338684,0.0016997847941311126,0.8776181626256544,0.8782222966422545,1.0078702111021505,0.871364474282735,0.12226930782444426,0.000491604466698714,0.28366871085943096,0.24717883710848923,0.2491241867365171,0.9368012975185587,0.08028227486111672,2,2026-09-28T11:27:28-04:00
0.052500000000000005,0.0375,90.0,0.75,0.2,0.0,/home/eli/Grad/AI-for-photonics/Metasurface/Unit_cell_Libraries/Ellipse Pillar SiN on SiO2 532 nm KAIST/GDS Library/elliptical_pillar_rx_0.052500000000000005_ry_0.0375_theta_90.0.gds,0.9346407360683359,0.09338858114955981,0.0011186019842532925,-0.006151885884423079,2.2847187307756058e-11,-4.229592335366075e-11,0.9346407360683359,0.09338858114955981,0.0011186019842532925,-0.006151885884423079,0.8823138295778227,0.8823138452669151,1.0125657758584374,0.8713644745882343,0.11768625476957816,1.0003649331125075e-07,0.2836687108594292,0.24717883719514827,0.2502848310602917,0.9392948060153897,5.706011047797396,2,2026-09-28T11:28:48-04:00
0.060000000000000005,0.0375,90.0,0.75,0.2,0.0,/home/eli/Grad/AI-for-photonics/Metasurface/Unit_cell_Libraries/Ellipse Pillar SiN on SiO2 532 nm KAIST/GDS Library/elliptical_pillar_rx_0.060000000000000005_ry_0.0375_theta_90.0.gds,0.9233418477534839,0.188371608591333,0.004286215492250446,0.0022353634279734503,0.01708466420776583,-0.03275915241147302,0.9233418477534839,0.188371608591333,0.004286215492250446,0.0022353634279734503,0.8880673992290055,0.88872428383157,1.0199225583107743,0.871364474282735,0.11177765604173806,0.0005019398733079328,0.28366871085943096,0.24717883710848923,0.25210327190397247,0.9423608813698202,11.530718475415556,2,2026-09-28T11:29:17-04:00
0.045,0.0375,0.0,0.75,0.2,0.0,/home/eli/Grad/AI-for-photonics/Metasurface/Unit_cell_Libraries/Ellipse Pillar SiN on SiO2 532 nm KAIST/GDS Library/elliptical_pillar_rx_0.045_ry_0.0375_theta_0.0.gds,0.9350100024095015,0.08718889925455518,-7.232106604567239e-19,6.449730304610659e-19,-9.302906126464238e-12,-1.0173010144074062e-10,0.9350100024095015,0.08718889925455518,-7.232106604567239e-19,6.449730304610659e-19,0.8818456087590368,0.88184562244076,1.0120284318070834,0.871364474282735,0.11815444331700238,6.575776234640784e-08,0.28366871085943096,0.24717883710848923,0.2501520108948029,0.9390663494977535,5.327377834371397,2,2026-09-28T11:29:51-04:00
0.045,0.045,0.0,0.75,0.2,0.0,/home/eli/Grad/AI-for-photonics/Metasurface/Unit_cell_Libraries/Ellipse Pillar SiN on SiO2 532 nm KAIST/GDS Library/elliptical_pillar_rx_0.045_ry_0.045_theta_0.0.gds,0.9162885923139756,0.22600352559650425,-2.3213560730235813e-19,-2.7056065682457845e-20,5.3080762550783316e-11,2.6219042567271815e-11,0.9162885923139756,0.22600352559650425,-2.3213560730235813e-19,-2.7056065682457845e-20,0.8906623779867769,0.8906623827428545,1.0221467698416378,0.871364474282735,0.1093377588400786,1.4158293315524872e-07,0.28366871085943096,0.24717883710848923,0.2526530499236546,0.9437491075422413,13.85550699953021,2,2026-09-28T11:30:22-04:00
0.052500000000000005,0.045,90.0,0.75,0.2,0.0,/home/eli/Grad/AI-for-photonics/Metasurface/Unit_cell_Libraries/Ellipse Pillar SiN on SiO2 532 nm KAIST/GDS Library/elliptical_pillar_rx_0.052500000000000005_ry_0.045_theta_90.0.gds,0.8784137873535458,0.36157732661967895,2.6996654557838858e-20,3.0549056761384144e-19,-1.5551288688004797e-11,-1.263148629033289e-10,0.8784137873535458,0.36157732661967895,2.6996654557838858e-20,3.0549056761384144e-19,0.9023489449382344,0.9023489373113723,1.0355585566580991,0.871364474282735,0.09765119706677601,1.3437814838646034e-07,0.28366871085943096,0.24717883710848923,0.2559681597924945,0.9499204940089641,22.373304604011615,2,2026-09-28T11:30:51-04:00
0.060000000000000005,0.045,90.0,0.75,0.2,0.0,/home/eli/Grad/AI-for-photonics/Metasurface/Unit_cell_Libraries/Ellipse Pillar SiN on SiO2 532 nm KAIST/GDS Library/elliptical_pillar_rx_0.060000000000000005_ry_0.045_theta_90.0.gds,0.8353538582791317,0.463713815627758,-6.918158347699476e-20,-1.907678106046759e-19,3.5808641368858506e-11,4.5342062862694854e-12,0.8353538582791317,0.463713815627758,-6.918158347699476e-20,-1.907678106046759e-19,0.912846571345886,0.9128465549690615,1.0476058892812592,0.871364474282735,0.08715355829797014,1.1326703175384978e-07,0.28366871085943096,0.24717883710848923,0.25894600546054636,0.9554300452392556,29.03512088775829,2,2026-09-28T11:31:20-04:00
0.052500000000000005,0.0375,0.0,0.75,0.2,0.0,/home/eli/Grad/AI-for-photonics/Metasurface/Unit_cell_Libraries/Ellipse Pillar SiN on SiO2 532 nm KAIST/GDS Library/elliptical_pillar_rx_0.052500000000000005_ry_0.0375_theta_0.0.gds,0.8963166740582122,0.30542992975141453,0.0009692615490668959,-0.00533699742494933,-2.2015114974790013e-11,9.386016071036887e-12,0.8963166740582122,0.30542992975141453,0.0009692615490668959,-0.00533699742494933,0.8967004451921939,0.896700445765771,1.0290762039495693,0.8713644745882343,0.10329969416259559,1.3992836667142683e-07,0.2836687108594292,0.24717883719514827,0.2543658594774518,0.9469271472413966,18.817117502782523,2,2026-09-28T11:32:40-04:00
0.052500000000000005,0.045,0.0,0.75,0.2,0.0,/home/eli/Grad/AI-for-photonics/Metasurface/Unit_cell_Libraries/Ellipse Pillar SiN on SiO2 532 nm KAIST/GDS Library/elliptical_pillar_rx_0.052500000000000005_ry_0.045_theta_0.0.gds,0.8307196682468353,0.4723809249509944,0.002249066182299287,-0.005229633348297156,5.503575199513765e-12,1.1489059069745624e-11,0.8307196682468353,0.4723809249509944,0.002249066182299287,-0.005229633348297156,0.9132713128333391,0.9132712919127335,1.048093327817045,0.8713644745882343,0.08672882031930634,1.1223203988386388e-07,0.2836687108594292,0.24717883719514827,0.25906649004181054,0.9556353412623924,29.624317760036426,2,2026-09-28T11:34:05-04:00
0.052500000000000005,0.052500000000000005,0.0,0.75,0.2,0.0,/home/eli/Grad/AI-for-photonics/Metasurface/Unit_cell_Libraries/Ellipse Pillar SiN on SiO2 532 nm KAIST/GDS Library/elliptical_pillar_rx_0.052500000000000005_ry_0.052500000000000005_theta_0.0.gds,0.7352712724466187,0.6248671879919958,0.00380934377589049,-0.004966747989301552,-1.8194718565503717e-10,4.803584647992514e-11,0.7352712724466187,0.6248671879919958,0.00380934377589049,-0.004966747989301552,0.9311220263998862,0.9311219964459014,1.0685792496715059,0.8713644745882343,0.06887810392923996,1.0037514130978309e-07,0.2836687108594292,0.24717883719514827,0.26413017638466685,0.9649263426367289,40.35940633701491,2,2026-09-28T11:35:30-04:00
0.060000000000000005,0.052500000000000005,90.0,0.75,0.2,0.0,/home/eli/Grad/AI-for-photonics/Metasurface/Unit_cell_Libraries/Ellipse Pillar SiN on SiO2 532 nm KAIST/GDS Library/elliptical_pillar_rx_0.060000000000000005_ry_0.052500000000000005_theta_90.0.gds,0.6153145296712513,0.7543267444060513,0.005385708710952741,-0.003958317931880694,-8.481696646529996e-12,1.6668017259287684e-11,0.6153145296712513,0.7543267444060513,0.005385708710952741,-0.003958317931880694,0.9476654818899546,0.9476654476280779,1.0875649343816773,0.8713644745882343,0.052334660483540865,1.0811161876844722e-07,0.2836687108594292,0.24717883719514827,0.26882303585468076,0.973458169492036,50.79540923427789,2,2026-09-28T11:36:56-04:00
0.060000000000000005,0.0375,0.0,0.75,0.2,0.0,/home/eli/Grad/AI-for-photonics/Metasurface/Unit_cell_Libraries/Ellipse Pillar SiN on SiO2 532 nm KAIST/GDS Library/elliptical_pillar_rx_0.060000000000000005_ry_0.0375_theta_0.0.gds,0.7889248444939087,0.5467814297527197,-3.107294219681753e-19,-2.857890345295827e-19,4.508646820165563e-11,-2.1167069547456164e-11,0.7889248444939087,0.5467814297527197,-3.107294219681753e-19,-2.857890345295827e-19,0.9213723421821662,0.9213723179413971,1.057390271389967,0.871364474282735,0.07862779512810664,1.1306950375988833e-07,0.28366871085943096,0.24717883710848923,0.26136449765200187,0.9598814208964388,34.724731837758334,2,2026-09-28T11:37:27-04:00
0.060000000000000005,0.045,0.0,0.75,0.2,0.0,/home/eli/Grad/AI-for-photonics/Metasurface/Unit_cell_Libraries/Ellipse Pillar SiN on SiO2 532 nm KAIST/GDS Library/elliptical_pillar_rx_0.060000000000000005_ry_0.045_theta_0.0.gds,0.6500478073039159,0.7215654236625701,-3.21805435185648e-20,-2.436892392589079e-19,2.4601003561578263e-12,-3.1724207269024103e-12,0.6500478073039159,0.7215654236625701,-3.21805435185648e-20,-2.436892392589079e-19,0.9432188124059732,0.943218783339304,1.082461829896974,0.871364474282735,0.05678132134744807,1.0468675215591361e-07,0.28366871085943096,0.24717883710848923,0.2675616563282613,0.9711945286120455,47.984770112490885,2,2026-09-28T11:37:55-04:00
0.060000000000000005,0.052500000000000005,0.0,0.75,0.2,0.0,/home/eli/Grad/AI-for-photonics/Metasurface/Unit_cell_Libraries/Ellipse Pillar SiN on SiO2 532 nm KAIST/GDS Library/elliptical_pillar_rx_0.060000000000000005_ry_0.052500000000000005_theta_0.0.gds,0.4765483360455833,0.8565655447115404,1.0532437887818149e-19,-9.870959809660122e-20,-2.450981673978993e-10,1.289752772630913e-10,0.4765483360455833,0.8565655447115404,1.0532437887818149e-19,-9.870959809660122e-20,0.9608028489747922,0.9608028092160767,1.1026417045599237,0.871364474282735,0.039197316814035585,1.2603011234624262e-07,0.28366871085943096,0.24717883710848923,0.2725496942804443,0.9802055136423138,60.910722064217936,2,2026-09-28T11:38:27-04:00
0.060000000000000005,0.060000000000000005,0.0,0.75,0.2,0.0,/home/eli/Grad/AI-for-photonics/Metasurface/Unit_cell_Libraries/Ellipse Pillar SiN on SiO2 532 nm KAIST/GDS Library/elliptical_pillar_rx_0.060000000000000005_ry_0.060000000000000005_theta_0.0.gds,0.2753564475700583,0.9457334367291852,-1.3930599313138315e-19,5.191367304712608e-19,-1.131859027141327e-11,1.1282653272494209e-12,0.2753564475700583,0.9457334367291852,-1.3930599313138315e-19,5.191367304712608e-19,0.970232906565998,0.9702328657165952,1.1134638768871588,0.871364474282735,0.02976722131540759,8.703200271575895e-08,0.28366871085943096,0.24717883710848923,0.27522470625127793,0.9850040134771015,73.76673714852333,2,2026-09-28T11:39:00-04:00
0.0375,0.0375,0.0,0.75,0.25,0.0,/home/eli/Grad/AI-for-photonics/Metasurface/Unit_cell_Libraries/Ellipse Pillar SiN on SiO2 532 nm KAIST/GDS Library/elliptical_pillar_rx_0.0375_ry_0.0375_theta_0.0.gds,0.876063756499269,-0.3235284354911288,-0.0013775779353030126,-0.0037172090129570378,3.64610605721771e-11,3.58554296691397e-12,0.876063756499269,-0.3235284354911288,-0.0013775779353030126,-0.0037172090129570378,0.8721740693867619,0.8721741140372914,1.0009292117954853,0.8713644319289765,0.12782589973104808,1.376833935751165e-08,0.44323236071785804,0.3862169142094556,0.386575791521755,0.933894187808741,339.7309217857194,2,2026-09-28T11:44:12-04:00
0.05333333333333333,0.0375,90.0,0.75,0.25,0.0,/home/eli/Grad/AI-for-photonics/Metasurface/Unit_cell_Libraries/Ellipse Pillar SiN on SiO2 532 nm KAIST/GDS Library/elliptical_pillar_rx_0.05333333333333333_ry_0.0375_theta_90.0.gds,0.9121455194837409,-0.20258020904379093,-8.741263078139332e-20,5.145769428214314e-20,1.1382209518938314e-11,2.8535647988751682e-12,0.9121455194837409,-0.20258020904379093,-8.741263078139332e-20,5.145769428214314e-20,0.8730481898104896,0.8730482268743426,1.001932365765379,0.871364432076629,0.12695180660489408,3.347923671626063e-08,0.44323236071786054,0.38621691427490207,0.38696322661805715,0.9343704778140679,347.4783033743637,2,2026-09-28T11:44:54-04:00
0.06916666666666665,0.0375,90.0,0.75,0.25,0.0,/home/eli/Grad/AI-for-photonics/Metasurface/Unit_cell_Libraries/Ellipse Pillar SiN on SiO2 532 nm KAIST/GDS Library/elliptical_pillar_rx_0.06916666666666665_ry_0.0375_theta_90.0.gds,0.9335061282453188,-0.0696409548455659,0.0005058046746517243,-0.004723332989232807,9.780321085415026e-12,1.5902251069595938e-11,0.9335061282453188,-0.0696409548455659,0.0005058046746517243,-0.004723332989232807,0.8763061197762637,0.8763061469649688,1.0056712379515567,0.8713644319289765,0.12369390773376503,5.469873376462431e-08,0.44323236071785804,0.3862169142094556,0.3884072422308534,0.9361001837748819,355.73355215677736,2,2026-09-28T11:47:00-04:00
0.08499999999999999,0.0375,90.0,0.75,0.25,0.0,/home/eli/Grad/AI-for-photonics/Metasurface/Unit_cell_Libraries/Ellipse Pillar SiN on SiO2 532 nm KAIST/GDS Library/elliptical_pillar_rx_0.08499999999999999_ry_0.0375_theta_90.0.gds,0.9372208010144473,0.05593624631077452,0.003637344407728214,0.0006956361828757409,0.0051985317921645555,-0.027182118126984407,0.9372208010144473,0.05593624631077452,0.003637344407728214,0.0006956361828757409,0.8815254076895412,0.8820925102439887,1.0123118155532154,0.871364432076629,0.11835295053034914,0.0004454607743378247,0.44323236071786054,0.38621691427490207,0.3909719456869867,0.9388885415774877,3.4155383331316393,2,2026-09-28T11:47:42-04:00
0.05333333333333333,0.0375,0.0,0.75,0.25,0.0,/home/eli/Grad/AI-for-photonics/Metasurface/Unit_cell_Libraries/Ellipse Pillar SiN on SiO2 532 nm KAIST/GDS Library/elliptical_pillar_rx_0.05333333333333333_ry_0.0375_theta_0.0.gds,0.9358218871742062,-0.04015267785196207,-4.7420566339827446e-20,-7.093659412434073e-20,1.6244978369674843e-11,1.462164491795405e-11,0.9358218871742062,-0.04015267785196207,-4.7420566339827446e-20,-7.093659412434073e-20,0.8773748420529761,0.8773748675038285,1.0068977286723484,0.871364432076629,0.1226251827022249,5.02060535367832e-08,0.44323236071786054,0.38621691427490207,0.388880933758242,0.9366828930075408,357.5431555795557,2,2026-09-28T11:48:23-04:00
0.05333333333333333,0.05333333333333333,0.0,0.75,0.25,0.0,/home/eli/Grad/AI-for-photonics/Metasurface/Unit_cell_Libraries/Ellipse Pillar SiN on SiO2 532 nm KAIST/GDS Library/elliptical_pillar_rx_0.05333333333333333_ry_0.05333333333333333_theta_0.0.gds,0.9212108102575363,0.20549981770638426,-2.183569836569659e-19,-6.996382039495983e-20,8.016861973264417e-12,-1.5774684936333964e-11,0.9212108102575363,0.20549981770638426,-2.183569836569659e-19,-6.996382039495983e-20,0.8908595320127035,0.890859536922053,1.022373078505125,0.871364432076629,0.10914049702416963,3.394622272168135e-08,0.44323236071786054,0.38621691427490207,0.3948577756179816,0.9438535543254067,12.57540297250222,2,2026-09-28T11:49:04-04:00
0.06916666666666665,0.05333333333333333,90.0,0.75,0.25,0.0,/home/eli/Grad/AI-for-photonics/Metasurface/Unit_cell_Libraries/Ellipse Pillar SiN on SiO2 532 nm KAIST/GDS Library/elliptical_pillar_rx_0.06916666666666665_ry_0.05333333333333333_theta_90.0.gds,0.8542177212004519,0.42479978199654767,-1.4113673618629782e-19,-2.2480666830128777e-19,8.46456279095744e-13,1.6779502213364818e-11,0.8542177212004519,0.42479978199654767,-1.4113673618629782e-19,-2.2480666830128777e-19,0.9101427699972073,0.9101427642605406,1.0445030009906366,0.871364432076629,0.08985733630896882,1.0056950938697184e-07,0.44323236071786054,0.38621691427490207,0.40340472599347865,0.9540140302936888,26.441013986653356,2,2026-09-28T11:49:49-04:00
0.08499999999999999,0.05333333333333333,90.0,0.75,0.25,0.0,/home/eli/Grad/AI-for-photonics/Metasurface/Unit_cell_Libraries/Ellipse Pillar SiN on SiO2 532 nm KAIST/GDS Library/elliptical_pillar_rx_0.08499999999999999_ry_0.05333333333333333_theta_90.0.gds,0.7457900382777034,0.6125485399159981,5.531416979498504e-20,3.2238683655341166e-20,2.3411089556942963e-11,1.6744044129859187e-12,0.7457900382777034,0.6125485399159981,5.531416979498504e-20,3.2238683655341166e-20,0.9314184949474794,0.9314184786891838,1.068919552373092,0.871364432076629,0.06858164422551519,1.229146990855412e-07,0.44323236071786054,0.38621691427490207,0.41283481112564524,0.9651002512420559,39.397692285750075,2,2026-09-28T11:50:31-04:00
0.06916666666666665,0.0375,0.0,0.75,0.25,0.0,/home/eli/Grad/AI-for-photonics/Metasurface/Unit_cell_Libraries/Ellipse Pillar SiN on SiO2 532 nm KAIST/GDS Library/elliptical_pillar_rx_0.06916666666666665_ry_0.0375_theta_0.0.gds,0.8916832534252139,0.32270946898496256,5.0399822578323024e-20,7.331688632477308e-20,-6.787260560145138e-11,6.021589119512159e-11,0.8916832534252139,0.32270946898496256,5.0399822578323024e-20,7.331688632477308e-20,0.8992404258115309,0.8992404266743318,1.0319912008931431,0.871364432076629,0.10075962181269794,4.848702972459762e-08,0.44323236071786054,0.38621691427490207,0.39857245716780026,0.9482828828000276,19.89571844390006,2,2026-09-28T11:51:16-04:00
0.06916666666666665,0.05333333333333333,0.0,0.75,0.25,0.0,/home/eli/Grad/AI-for-photonics/Metasurface/Unit_cell_Libraries/Ellipse Pillar SiN on SiO2 532 nm KAIST/GDS Library/elliptical_pillar_rx_0.06916666666666665_ry_0.05333333333333333_theta_0.0.gds,0.7079387949443611,0.6596545511630412,9.825455189658751e-21,-1.5215997645863597e-19,-2.342020167128556e-11,-2.4300747070056722e-11,0.7079387949443611,0.6596545511630412,9.825455189658751e-21,-1.5215997645863597e-19,0.9363214642573874,0.9363214409564647,1.074546316659989,0.871364432076629,0.06367868796873903,1.2892520384610862e-07,0.44323236071786054,0.38621691427490207,0.41500796266588275,0.9676370519246291,42.97795538683078,2,2026-09-28T11:52:01-04:00
0.06916666666666665,0.06916666666666665,0.0,0.75,0.25,0.0,/home/eli/Grad/AI-for-photonics/Metasurface/Unit_cell_Libraries/Ellipse Pillar SiN on SiO2 532 nm KAIST/GDS Library/elliptical_pillar_rx_0.06916666666666665_ry_0.06916666666666665_theta_0.0.gds,0.4077108641110893,0.8938482401250676,6.058162108633572e-20,-2.351196065173792e-19,-4.2048470679873515e-12,-1.7020666387183624e-13,0.4077108641110893,0.8938482401250676,6.058162108633572e-20,-2.351196065173792e-19,0.9651928250888916,0.9651927851980192,1.1076798061378055,0.871364432076629,0.03480735071242163,1.3591044090155435e-07,0.44323236071786054,0.38621691427490207,0.42780467673116496,0.9824422757032046,65.48085532465687,2,2026-09-28T11:52:46-04:00
0.08499999999999999,0.06916666666666665,90.0,0.75,0.25,0.0,/home/eli/Grad/AI-for-photonics/Metasurface/Unit_cell_Libraries/Ellipse Pillar SiN on SiO2 532 nm KAIST/GDS Library/elliptical_pillar_rx_0.08499999999999999_ry_0.06916666666666665_theta_90.0.gds,0.053408797460006985,0.982389103748396,-4.1968363938221525e-20,-2.1633000447837753e-20,1.7379963615462924e-12,7.949437830463347e-12,0.053408797460006985,0.982389103748396,-4.1968363938221525e-20,-2.1633000447837753e-20,0.9679408508097009,0.9679408029039586,1.1108335011989985,0.871364432076629,0.032059258434393716,6.13383521752553e-08,0.44323236071786054,0.38621691427490207,0.4290226871062629,0.9838398501838096,86.8881076667994,2,2026-09-28T11:53:31-04:00
0.08499999999999999,0.0375,0.0,0.75,0.25,0.0,/home/eli/Grad/AI-for-photonics/Metasurface/Unit_cell_Libraries/Ellipse Pillar SiN on SiO2 532 nm KAIST/GDS Library/elliptical_pillar_rx_0.08499999999999999_ry_0.0375_theta_0.0.gds,0.6728183106513452,0.6985206323782068,1.1188298884678606e-18,2.0527293258397068e-18,1.485548682822791e-10,-1.3480555243409824e-11,0.6728183106513452,0.6985206323782068,1.1188298884678606e-18,2.0527293258397068e-18,0.94061555300578,0.940615527019724,1.0794743191181861,0.871364432076629,0.05938461831348774,1.453332116874151e-07,0.44323236071786054,0.38621691427490207,0.4169112405688268,0.9698533667548822,46.07374049727411,2,2026-09-28T11:54:18-04:00
0.08499999999999999,0.05333333333333333,0.0,0.75,0.25,0.0,/home/eli/Grad/AI-for-photonics/Metasurface/Unit_cell_Libraries/Ellipse Pillar SiN on SiO2 532 nm KAIST/GDS Library/elliptical_pillar_rx_0.08499999999999999_ry_0.05333333333333333_theta_0.0.gds,0.15372279153998017,0.9744302079189899,-1.0281967202326836e-19,-1.9388332162577105e-19,-1.901289074258734e-11,1.1159462599913353e-11,0.15372279153998017,0.9744302079189899,-1.0281967202326836e-19,-1.9388332162577105e-19,0.9731449267438901,0.9731448788911996,1.1168058312547924,0.871364432076629,0.026855199115722088,7.800692158888012e-08,0.44323236071786054,0.38621691427490207,0.43132930199144287,0.986481082810963,81.03509597550794,2,2026-09-28T11:55:05-04:00
0.08499999999999999,0.06916666666666665,0.0,0.75,0.25,0.0,/home/eli/Grad/AI-for-photonics/Metasurface/Unit_cell_Libraries/Ellipse Pillar SiN on SiO2 532 nm KAIST/GDS Library/elliptical_pillar_rx_0.08499999999999999_ry_0.06916666666666665_theta_0.0.gds,-0.3760508749539906,0.894895684994709,1.4531003253714003e-19,2.7479392316128114e-21,-1.4716969122861563e-11,-5.219241935934247e-12,-0.3760508749539906,0.894895684994709,1.4531003253714003e-19,2.7479392316128114e-21,0.9422525475758112,0.9422525047110523,1.0813529563807,0.871364432076629,0.05774748630767044,-8.981277277442246e-09,0.44323236071786054,0.38621691427490207,0.4176368020553967,0.9706969390988164,112.79300068242854,2,2026-09-28T11:55:51-04:00
0.08499999999999999,0.08499999999999999,0.0,0.75,0.25,0.0,/home/eli/Grad/AI-for-photonics/Metasurface/Unit_cell_Libraries/Ellipse Pillar SiN on SiO2 532 nm KAIST/GDS Library/elliptical_pillar_rx_0.08499999999999999_ry_0.08499999999999999_theta_0.0.gds,-0.7205108224749236,0.6146237483330932,1.4532720145694774e-19,-1.9146908304424207e-19,1.550172219792658e-13,1.602030706534801e-11,-0.7205108224749236,0.6146237483330932,1.4532720145694774e-19,-1.9146908304424207e-19,0.8968981973185123,0.8968981722797038,1.029303170135397,0.871364432076629,0.1031018326489438,4.928647712176826e-09,0.44323236071786054,0.38621691427490207,0.3975342942230675,0.9470470935061848,139.53453200759103,2,2026-09-28T11:56:38-04:00
0.0375,0.0375,0.0,0.75,0.3,0.0,/home/eli/Grad/AI-for-photonics/Metasurface/Unit_cell_Libraries/Ellipse Pillar SiN on SiO2 532 nm KAIST/GDS Library/elliptical_pillar_rx_0.0375_ry_0.0375_theta_0.0.gds,0.8245452905821241,-0.4388943002763002,-0.001342810008519936,-0.002523115332557392,-4.05380749957128e-11,5.416029852824781e-11,0.8245452905821241,-0.4388943002763002,-0.001342810008519936,-0.002523115332557392,0.8725113122858831,0.8725113767281566,1.0013162035772134,0.8713644836776833,0.12748863252405937,9.252215882327164e-09,0.6382545994337148,0.5561523894904654,0.5568843992549886,0.934078767040651,331.9742313532149,2,2026-09-28T12:04:31-04:00
0.06166666666666666,0.0375,90.0,0.75,0.3,0.0,/home/eli/Grad/AI-for-photonics/Metasurface/Unit_cell_Libraries/Ellipse Pillar SiN on SiO2 532 nm KAIST/GDS Library/elliptical_pillar_rx_0.06166666666666666_ry_0.0375_theta_90.0.gds,0.8835648677303541,-0.30328724209281616,-0.000746572448540075,-0.0032342778338155373,1.5630483517510604e-19,-5.013031173964567e-19,0.8835648677303541,-0.30328724209281616,-0.000746572448540075,-0.0032342778338155373,0.8726810446271519,0.872681110119539,1.0015109939256404,0.8713644836776833,0.12731891395904685,2.4078585791897922e-08,0.6382545994337148,0.5561523894904654,0.5569927323727158,0.9341680933877076,341.0550076870517,2,2026-09-28T12:07:32-04:00
0.08583333333333332,0.0375,90.0,0.75,0.3,0.0,/home/eli/Grad/AI-for-photonics/Metasurface/Unit_cell_Libraries/Ellipse Pillar SiN on SiO2 532 nm KAIST/GDS Library/elliptical_pillar_rx_0.08583333333333332_ry_0.0375_theta_90.0.gds,0.9199572807344214,-0.16777990845268972,0.002955845432218334,-0.00010720337054238727,-0.0007889953300784998,-0.02175454452369825,0.9199572807344214,-0.16777990845268972,0.002955845432218334,-0.00010720337054238727,0.8744802445714458,0.874981509465451,1.0041509906078578,0.871364483677684,0.12544777393748047,0.00042928340293135747,0.6382545994337135,0.5561523894904649,0.5584609728357774,0.935131806782693,349.66411142733045,2,2026-09-28T12:08:32-04:00
0.10999999999999999,0.0375,90.0,0.75,0.3,0.0,/home/eli/Grad/AI-for-photonics/Metasurface/Unit_cell_Libraries/Ellipse Pillar SiN on SiO2 532 nm KAIST/GDS Library/elliptical_pillar_rx_0.10999999999999999_ry_0.0375_theta_90.0.gds,0.9362765942225008,-0.0415241200654021,0.0017910924506411362,-0.00402465871920859,-4.2750515178842576e-11,-1.7456998709436517e-12,0.9362765942225008,-0.0415241200654021,0.0017910924506411362,-0.00402465871920859,0.8783575193260641,0.8783575903317271,1.0080254667077189,0.8713644836776833,0.12164243080731162,2.1139038741679883e-08,0.6382545994337148,0.5561523894904654,0.5606157719767394,0.9371969448499559,357.4605807841583,2,2026-09-28T12:11:31-04:00
0.06166666666666666,0.0375,0.0,0.75,0.3,0.0,/home/eli/Grad/AI-for-photonics/Metasurface/Unit_cell_Libraries/Ellipse Pillar SiN on SiO2 532 nm KAIST/GDS Library/elliptical_pillar_rx_0.06166666666666666_ry_0.0375_theta_0.0.gds,0.9307419373541168,-0.09957753124315419,-2.109255787928752e-19,-1.4678881406926468e-21,-1.3418240211759965e-10,4.814642847785275e-11,0.9307419373541168,-0.09957753124315419,-2.109255787928752e-19,-1.4678881406926468e-21,0.876196238678176,0.8761962918914704,1.0055451057557374,0.871364483677684,0.12380371221668347,4.108153817128368e-09,0.6382545994337135,0.5561523894904649,0.5592363133064956,0.9360535447709046,353.8933103614723,2,2026-09-28T12:12:32-04:00
0.06166666666666666,0.06166666666666666,0.0,0.75,0.3,0.0,/home/eli/Grad/AI-for-photonics/Metasurface/Unit_cell_Libraries/Ellipse Pillar SiN on SiO2 532 nm KAIST/GDS Library/elliptical_pillar_rx_0.06166666666666666_ry_0.06166666666666666_theta_0.0.gds,0.9149119934038572,0.2411198095520077,8.017679247490584e-20,8.334356820701156e-20,-1.1387207953521175e-18,2.490321852853106e-19,0.9149119934038572,0.2411198095520077,8.017679247490584e-20,8.334356820701156e-20,0.8952027182326161,0.8952027696615334,1.0273574221010677,0.871364483677684,0.10479728624565106,5.590718443748699e-08,0.6382545994337135,0.5561523894904649,0.571367285162273,0.9461515302701867,14.764264525566956,2,2026-09-28T12:13:37-04:00
0.08583333333333332,0.06166666666666666,90.0,0.75,0.3,0.0,/home/eli/Grad/AI-for-photonics/Metasurface/Unit_cell_Libraries/Ellipse Pillar SiN on SiO2 532 nm KAIST/GDS Library/elliptical_pillar_rx_0.08583333333333332_ry_0.06166666666666666_theta_90.0.gds,0.7915892430456969,0.5467074821584158,-1.4074780157593598e-19,6.534853240724373e-20,2.659092714689626e-19,-1.4728613955414945e-18,0.7915892430456969,0.5467074821584158,-1.4074780157593598e-19,6.534853240724373e-20,0.925502600753654,0.9255026397327099,1.0621303221202338,0.871364483677684,0.07449747754811811,1.1728082793815986e-07,0.6382545994337135,0.5561523894904649,0.5907063165974452,0.9620304572900247,34.63072023963341,2,2026-09-28T12:14:40-04:00
0.10999999999999999,0.06166666666666666,90.0,0.75,0.3,0.0,/home/eli/Grad/AI-for-photonics/Metasurface/Unit_cell_Libraries/Ellipse Pillar SiN on SiO2 532 nm KAIST/GDS Library/elliptical_pillar_rx_0.10999999999999999_ry_0.06166666666666666_theta_90.0.gds,0.5806274162975685,0.7850639357994046,-1.6934717813721473e-19,3.405688539929618e-19,1.402182529195352e-20,-1.9890447471998158e-18,0.5806274162975685,0.7850639357994046,-1.6934717813721473e-19,3.405688539929618e-19,0.9534535798492415,0.9534536243392203,1.0942075815565382,0.871364483677684,0.046546486055625634,1.1039484593133864e-07,0.6382545994337135,0.5561523894904649,0.6085461610812515,0.9764494763423459,53.51364760552659,2,2026-09-28T12:15:43-04:00
0.08583333333333332,0.0375,0.0,0.75,0.3,0.0,/home/eli/Grad/AI-for-photonics/Metasurface/Unit_cell_Libraries/Ellipse Pillar SiN on SiO2 532 nm KAIST/GDS Library/elliptical_pillar_rx_0.08583333333333332_ry_0.0375_theta_0.0.gds,0.8814298808943843,0.35432289383867294,0.00011557196669970742,-0.001553720452654235,-3.078818912449518e-11,-1.0187716301765266e-11,0.8814298808943843,0.35432289383867294,0.00011557196669970742,-0.001553720452654235,0.9024657754358245,0.9024658018104124,1.035692662158392,0.8713644836776833,0.09753431022975988,1.1204017225097118e-07,0.6382545994337148,0.5561523894904654,0.576002948837131,0.9499807092945098,21.899460185539276,2,2026-09-28T12:19:00-04:00
0.08583333333333332,0.06166666666666666,0.0,0.75,0.3,0.0,/home/eli/Grad/AI-for-photonics/Metasurface/Unit_cell_Libraries/Ellipse Pillar SiN on SiO2 532 nm KAIST/GDS Library/elliptical_pillar_rx_0.08583333333333332_ry_0.06166666666666666_theta_0.0.gds,0.4484584734263682,0.8739117168144287,9.342816522316959e-20,-3.1947561390057845e-19,-2.437516791375636e-11,-5.33081746439748e-11,0.4484584734263682,0.8739117168144287,9.342816522316959e-20,-3.1947561390057845e-19,0.9648366911734507,0.9648366787585327,1.1072710637531835,0.871364483677684,0.035163426411406434,1.0516993920184348e-07,0.6382545994337135,0.5561523894904649,0.6158114479199819,0.9822610096982628,62.83481894868596,2,2026-09-28T12:20:04-04:00
0.08583333333333332,0.08583333333333332,0.0,0.75,0.3,0.0,/home/eli/Grad/AI-for-photonics/Metasurface/Unit_cell_Libraries/Ellipse Pillar SiN on SiO2 532 nm KAIST/GDS Library/elliptical_pillar_rx_0.08583333333333332_ry_0.08583333333333332_theta_0.0.gds,-0.1852487102280261,0.9612790002978576,-1.821046661071435e-19,-2.143036736843428e-19,-1.0438778635408872e-18,-3.1544354281532774e-18,-0.1852487102280261,0.9612790002978576,-1.821046661071435e-19,-2.143036736843428e-19,0.9583744010547958,0.9583743947951383,1.0998547826395446,0.871364483677684,0.041625610377101954,5.172240191697597e-09,0.6382545994337135,0.5561523894904649,0.6116868654574986,0.9789659856475075,100.90779030939738,2,2026-09-28T12:21:09-04:00
0.10999999999999999,0.08583333333333332,90.0,0.75,0.3,0.0,/home/eli/Grad/AI-for-photonics/Metasurface/Unit_cell_Libraries/Ellipse Pillar SiN on SiO2 532 nm KAIST/GDS Library/elliptical_pillar_rx_0.10999999999999999_ry_0.08583333333333332_theta_90.0.gds,-0.6448012913429687,0.6997994329803972,1.103529990201844e-19,1.1815001987198492e-19,-5.316839447222764e-19,8.266591325418522e-19,-0.6448012913429687,0.6997994329803972,1.103529990201844e-19,1.1815001987198492e-19,0.9054879517172453,0.9054879703984893,1.0391609795441552,0.871364483677684,0.09451201645476356,-1.3146747135373005e-08,0.6382545994337135,0.5561523894904649,0.577931861838734,0.9515713066908046,132.65773902246957,2,2026-09-28T12:22:18-04:00
0.10999999999999999,0.0375,0.0,0.75,0.3,0.0,/home/eli/Grad/AI-for-photonics/Metasurface/Unit_cell_Libraries/Ellipse Pillar SiN on SiO2 532 nm KAIST/GDS Library/elliptical_pillar_rx_0.10999999999999999_ry_0.0375_theta_0.0.gds,0.5606671001151848,0.8000190304176783,-7.2941737379231e-05,7.83265314547007e-05,0.0005756935496563095,0.0005368839780078101,0.5606671001151848,0.8000190304176783,-7.2941737379231e-05,7.83265314547007e-05,0.9543780576375555,0.9543746036476702,1.095264520788859,0.871364483677684,0.045622376091276944,-3.0202610528107243e-06,0.6382545994337135,0.5561523894904649,0.6091339803608529,0.9769227432003069,54.976567471641815,2,2026-09-28T12:23:21-04:00
0.10999999999999999,0.06166666666666666,0.0,0.75,0.3,0.0,/home/eli/Grad/AI-for-photonics/Metasurface/Unit_cell_Libraries/Ellipse Pillar SiN on SiO2 532 nm KAIST/GDS Library/elliptical_pillar_rx_0.10999999999999999_ry_0.06166666666666666_theta_0.0.gds,-0.4718300136327814,0.844594035015172,-9.225317588518377e-20,9.223075929364054e-20,-2.003513538173135e-18,-3.9441593136187456e-19,-0.4718300136327814,0.844594035015172,-9.225317588518377e-20,9.223075929364054e-20,0.9359626457479203,0.9359625923433904,1.0741344292494726,0.871364483677684,0.06403739676264926,-1.0893960289415361e-08,0.6382545994337135,0.5561523894904649,0.5973824294610708,0.9674516245001196,119.18978263509356,2,2026-09-28T12:24:29-04:00
0.10999999999999999,0.08583333333333332,0.0,0.75,0.3,0.0,/home/eli/Grad/AI-for-photonics/Metasurface/Unit_cell_Libraries/Ellipse Pillar SiN on SiO2 532 nm KAIST/GDS Library/elliptical_pillar_rx_0.10999999999999999_ry_0.08583333333333332_theta_0.0.gds,-0.9165320492622268,0.20176691330058605,-1.8167990129066997e-19,-1.5024569678232796e-19,-2.4062591511182923e-18,8.13754453611765e-19,-0.9165320492622268,0.20176691330058605,-1.8167990129066997e-19,-1.5024569678232796e-19,0.8807408846276631,0.880740864253199,1.0107605723565194,0.871364483677684,0.11925925440475356,1.1865795257470779e-07,0.6382545994337135,0.5561523894904649,0.5621369075188282,0.9384779617165568,167.58483830456018,2,2026-09-28T12:25:40-04:00
0.10999999999999999,0.10999999999999999,0.0,0.75,0.3,0.0,/home/eli/Grad/AI-for-photonics/Metasurface/Unit_cell_Libraries/Ellipse Pillar SiN on SiO2 532 nm KAIST/GDS Library/elliptical_pillar_rx_0.10999999999999999_ry_0.10999999999999999_theta_0.0.gds,-0.8659749515854965,-0.4250920070504187,9.77255267590725e-20,-2.183835671477857e-20,-3.3690939874617605e-19,6.564775144982964e-19,-0.8659749515854965,-0.4250920070504187,9.77255267590725e-20,-2.183835671477857e-20,0.9306158312316563,0.9306158441786492,1.0679983653348923,0.871364483677684,0.0693844673489447,3.1152759394359464e-07,0.6382545994337135,0.5561523894904649,0.5939698428529109,0.9646843168786648,206.1456166235906,2,2026-09-28T12:26:50-04:00
0.0375,0.0375,0.0,0.75,0.35,0.0,/home/eli/Grad/AI-for-photonics/Metasurface/Unit_cell_Libraries/Ellipse Pillar SiN on SiO2 532 nm KAIST/GDS Library/elliptical_pillar_rx_0.0375_ry_0.0375_theta_0.0.gds,0.7848999098294787,-0.5068242921004461,-0.0011874197686731586,-0.0018315495883505918,-2.1526113276274484e-10,7.758663815788598e-10,0.7848999098294787,-0.5068242921004461,-0.0011874197686731586,-0.0018315495883505918,0.8729434960530436,0.8729436150326595,1.0018124953187701,0.8713642713698582,0.12705639779488626,1.2827545692317699e-08,0.8687354270069919,0.7569850123671301,0.7583570441584246,0.934311902692801,327.14892636703723,2,2026-09-28T12:38:15-04:00
0.06999999999999999,0.0375,90.0,0.75,0.35,0.0,/home/eli/Grad/AI-for-photonics/Metasurface/Unit_cell_Libraries/Ellipse Pillar SiN on SiO2 532 nm KAIST/GDS Library/elliptical_pillar_rx_0.06999999999999999_ry_0.0375_theta_90.0.gds,0.8566740531337208,-0.37314196849465275,-0.0007948112331350388,-0.0026679691416515807,2.8446346492832057e-19,-3.063657676345637e-19,0.8566740531337208,-0.37314196849465275,-0.0007948112331350388,-0.0026679691416515807,0.8731331117488587,0.8731333035551833,1.0020301867352719,0.8713642713698582,0.12686670684057832,1.039576158490263e-08,0.8687354270069919,0.7569850123671301,0.7585218332980376,0.9344117732373782,336.4634780574577,2,2026-09-28T12:42:31-04:00
0.10249999999999998,0.0375,90.0,0.75,0.35,0.0,/home/eli/Grad/AI-for-photonics/Metasurface/Unit_cell_Libraries/Ellipse Pillar SiN on SiO2 532 nm KAIST/GDS Library/elliptical_pillar_rx_0.10249999999999998_ry_0.0375_theta_90.0.gds,0.9040463426192749,-0.23880016194150439,0.0024615263753097307,-0.00023916459435873035,-0.001749661452629127,-0.01795461142761245,0.9040463426192749,-0.23880016194150439,0.0024615263753097307,-0.00023916459435873035,0.8743314232583755,0.874791738660602,1.003933449423348,0.8713642713698561,0.1256303816642829,0.00042212032488486706,0.8687354270069994,0.7569850123671348,0.7599625746275135,0.9350536385398305,345.20350626574924,2,2026-09-28T12:43:55-04:00
0.13499999999999998,0.0375,90.0,0.75,0.35,0.0,/home/eli/Grad/AI-for-photonics/Metasurface/Unit_cell_Libraries/Ellipse Pillar SiN on SiO2 532 nm KAIST/GDS Library/elliptical_pillar_rx_0.13499999999999998_ry_0.0375_theta_90.0.gds,0.9304723397842539,-0.10771137063832423,0.002543372553704412,-6.858011823939296e-05,-0.0004988742639449952,-0.018513177049140697,0.9304723397842539,-0.10771137063832423,0.002543372553704412,-6.858011823939296e-05,0.8773869879155501,0.8778788727738966,1.0074763237581443,0.8713642713698561,0.12253834832991731,0.0004172211038140361,0.8687354270069994,0.7569850123671348,0.7626444773996544,0.9366859209299404,353.3968374119729,2,2026-09-28T12:45:20-04:00
0.06999999999999999,0.0375,0.0,0.75,0.35,0.0,/home/eli/Grad/AI-for-photonics/Metasurface/Unit_cell_Libraries/Ellipse Pillar SiN on SiO2 532 nm KAIST/GDS Library/elliptical_pillar_rx_0.06999999999999999_ry_0.0375_theta_0.0.gds,0.9256336223844688,-0.14215118662419504,-1.905519714580094e-19,1.0456675070323309e-19,-2.2059543428035724e-10,8.433386157137036e-10,0.9256336223844688,-0.14215118662419504,-1.905519714580094e-19,1.0456675070323309e-19,0.87700456274726,0.8770046523185098,1.006473045928067,0.8713642713698561,0.1229953454624562,-2.219034067607595e-09,0.8687354270069994,0.7569850123671348,0.7618850111190456,0.9364852175807475,351.26919634616957,2,2026-09-28T12:46:50-04:00
0.06999999999999999,0.06999999999999999,0.0,0.75,0.35,0.0,/home/eli/Grad/AI-for-photonics/Metasurface/Unit_cell_Libraries/Ellipse Pillar SiN on SiO2 532 nm KAIST/GDS Library/elliptical_pillar_rx_0.06999999999999999_ry_0.06999999999999999_theta_0.0.gds,0.8896153630592323,0.3403719597376643,-8.372724336070955e-20,-1.096690043546085e-19,-1.2521733547223657e-18,-1.4300433863760584e-18,0.8896153630592323,0.3403719597376643,-8.372724336070955e-20,-1.096690043546085e-19,0.9072685651666678,0.907268679547172,1.0412048202537285,0.8713642713698561,0.0927314029231576,8.247032967645396e-08,0.8687354270069994,0.7569850123671348,0.788176443736489,0.952506464632481,20.93713841998014,2,2026-09-28T12:48:21-04:00
0.10249999999999998,0.06999999999999999,90.0,0.75,0.35,0.0,/home/eli/Grad/AI-for-photonics/Metasurface/Unit_cell_Libraries/Ellipse Pillar SiN on SiO2 532 nm KAIST/GDS Library/elliptical_pillar_rx_0.10249999999999998_ry_0.06999999999999999_theta_90.0.gds,0.647629354443562,0.7286525136246101,4.378739851661346e-19,3.276478924970173e-20,-3.7981002589253206e-19,-3.373989099960781e-18,0.647629354443562,0.7286525136246101,4.378739851661346e-19,3.276478924970173e-20,0.9503582663484476,0.9503584857599777,1.090655787694779,0.8713642713698561,0.0496416501418979,1.3590187553091937e-07,0.8687354270069994,0.7569850123671348,0.8256100849364195,0.9748632039155276,48.369174017531726,2,2026-09-28T12:49:53-04:00
0.13499999999999998,0.06999999999999999,90.0,0.75,0.35,0.0,/home/eli/Grad/AI-for-photonics/Metasurface/Unit_cell_Libraries/Ellipse Pillar SiN on SiO2 532 nm KAIST/GDS Library/elliptical_pillar_rx_0.13499999999999998_ry_0.06999999999999999_theta_90.0.gds,0.2727254463060303,0.9471819366809218,-2.0137353091116225e-19,-2.2828682029967005e-19,-1.450945265435721e-19,1.3739865803095845e-19,0.2727254463060303,0.9471819366809218,-2.0137353091116225e-19,-2.2828682029967005e-19,0.9715327902374451,0.9715332007383768,1.114956434019319,0.8713642713698561,0.028466887757793078,8.849616994766052e-08,0.8687354270069994,0.7569850123671348,0.8440053099949306,0.9856636293571175,73.93711585204022,2,2026-09-28T12:51:25-04:00
0.10249999999999998,0.0375,0.0,0.75,0.35,0.0,/home/eli/Grad/AI-for-photonics/Metasurface/Unit_cell_Libraries/Ellipse Pillar SiN on SiO2 532 nm KAIST/GDS Library/elliptical_pillar_rx_0.10249999999999998_ry_0.0375_theta_0.0.gds,0.8613242076993523,0.4096183116563985,-1.9385346725505514e-19,-1.2058389078700836e-19,-5.071154227529054e-10,9.140833665668438e-10,0.8613242076993523,0.4096183116563985,-1.9385346725505514e-19,-1.2058389078700836e-19,0.9096665520131553,0.9096663188308604,1.043956412627282,0.8713642713698561,0.09033379114832633,1.0997918664656936e-07,0.8687354270069994,0.7569850123671348,0.7902593579234127,0.9537644111693176,25.43426963472937,2,2026-09-28T12:52:51-04:00
0.10249999999999998,0.06999999999999999,0.0,0.75,0.35,0.0,/home/eli/Grad/AI-for-photonics/Metasurface/Unit_cell_Libraries/Ellipse Pillar SiN on SiO2 532 nm KAIST/GDS Library/elliptical_pillar_rx_0.10249999999999998_ry_0.06999999999999999_theta_0.0.gds,-0.06018062320547215,0.9846121531110716,-5.426286938811208e-20,3.8121321725705405e-19,1.5964694580047582e-19,2.6824797510755756e-19,-0.06018062320547215,0.9846121531110716,-5.426286938811208e-20,3.8121321725705405e-19,0.9730827994634194,0.9730820293946495,1.1167339095334776,0.8713642713698561,0.026917975349009485,4.743659021144708e-09,0.8687354270069994,0.7569850123671348,0.8453508323189983,0.9864495929663205,93.49763255892653,2,2026-09-28T12:54:24-04:00
0.10249999999999998,0.10249999999999998,0.0,0.75,0.35,0.0,/home/eli/Grad/AI-for-photonics/Metasurface/Unit_cell_Libraries/Ellipse Pillar SiN on SiO2 532 nm KAIST/GDS Library/elliptical_pillar_rx_0.10249999999999998_ry_0.10249999999999998_theta_0.0.gds,-0.8174894448307596,0.47046048090948567,1.0999907424386442e-19,-1.4060788021235397e-19,-1.544172310068733e-18,9.196937580588836e-19,-0.8174894448307596,0.47046048090948567,1.0999907424386442e-19,-1.4060788021235397e-19,0.8896220565072881,0.8896207356180926,1.0209515868943488,0.8713642713698561,0.1103791144449263,-1.499369810531448e-07,0.8687354270069994,0.7569850123671348,0.7728450496314646,0.9431977822849713,150.07982033383186,2,2026-09-28T12:55:57-04:00
0.13499999999999998,0.10249999999999998,90.0,0.75,0.35,0.0,/home/eli/Grad/AI-for-photonics/Metasurface/Unit_cell_Libraries/Ellipse Pillar SiN on SiO2 532 nm KAIST/GDS Library/elliptical_pillar_rx_0.13499999999999998_ry_0.10249999999999998_theta_90.0.gds,-0.7148826492901644,0.2980782342308874,-6.026958017116524e-18,-3.1103530491452566e-18,1.62527932253349e-18,1.603775602471223e-19,-0.7148826492901644,0.2980782342308874,-6.026958017116524e-18,-3.1103530491452566e-18,0.5999078359783281,0.599903889745392,0.6884650994495017,0.8713642713698582,0.39749317101530207,-0.0026029392393058792,0.8687354270069919,0.7569850123671301,0.5211577618211185,0.7745371753365542,157.3657637719686,2,2026-09-28T13:02:05-04:00
0.13499999999999998,0.0375,0.0,0.75,0.35,0.0,/home/eli/Grad/AI-for-photonics/Metasurface/Unit_cell_Libraries/Ellipse Pillar SiN on SiO2 532 nm KAIST/GDS Library/elliptical_pillar_rx_0.13499999999999998_ry_0.0375_theta_0.0.gds,0.42451869703051315,0.8869116275451758,-0.00021192668624384715,0.0001384734915132842,0.0010093558642496028,0.001557296647856304,0.42451869703051315,0.8869116275451758,-0.00021192668624384715,0.0001384734915132842,0.9668284232911455,0.9668316518839659,1.1095608158962351,0.8713642713698561,0.032347712060405674,-0.000820636055628432,0.8687354270069994,0.7569850123671348,0.8399209079432997,0.9832743051678495,64.421974095279,2,2026-09-28T13:03:33-04:00
0.13499999999999998,0.06999999999999999,0.0,0.75,0.35,0.0,/home/eli/Grad/AI-for-photonics/Metasurface/Unit_cell_Libraries/Ellipse Pillar SiN on SiO2 532 nm KAIST/GDS Library/elliptical_pillar_rx_0.13499999999999998_ry_0.06999999999999999_theta_0.0.gds,-0.9163404871767837,0.143912422147674,1.4749125760538998e-18,-6.078794731452998e-19,-5.451681693415881e-19,2.7514276260707008e-18,-0.9163404871767837,0.143912422147674,1.4749125760538998e-18,-6.078794731452998e-19,0.8603906736877958,0.8603708599582042,0.9873836789355943,0.8713642713698582,0.13957478145461918,-5.4358587176617235e-05,0.8687354270069919,0.7569850123671301,0.7474346464101633,0.9275724627692414,171.07453199089184,2,2026-09-28T13:08:49-04:00
0.13499999999999998,0.10249999999999998,0.0,0.75,0.35,0.0,/home/eli/Grad/AI-for-photonics/Metasurface/Unit_cell_Libraries/Ellipse Pillar SiN on SiO2 532 nm KAIST/GDS Library/elliptical_pillar_rx_0.13499999999999998_ry_0.10249999999999998_theta_0.0.gds,-0.50209461565235,-0.8054106322070694,1.1821121803071005e-17,1.1278931319467507e-17,1.3323277777325578e-18,2.1280675361940367e-19,-0.50209461565235,-0.8054106322070694,1.1821121803071005e-17,1.1278931319467507e-17,0.9007852895392724,0.9007820533153793,1.0337606015211915,0.8713642713698582,0.10100481568072668,0.001786868996106028,0.8687354270069919,0.7569850123671301,0.782541281727171,0.9490970917347036,238.06050315920197,2,2026-09-28T13:14:18-04:00
0.13499999999999998,0.13499999999999998,0.0,0.75,0.35,0.0,/home/eli/Grad/AI-for-photonics/Metasurface/Unit_cell_Libraries/Ellipse Pillar SiN on SiO2 532 nm KAIST/GDS Library/elliptical_pillar_rx_0.13499999999999998_ry_0.13499999999999998_theta_0.0.gds,-0.13177933544847023,-0.9745706490368956,-8.712779934310463e-20,-2.3019282507396913e-20,1.9863963723866346e-10,3.338942756730553e-10,-0.13177933544847023,-0.9745706490368956,-8.712779934310463e-20,-2.3019282507396913e-20,0.9671537432154363,0.9671554447398724,1.1099324088873013,0.8713642713698561,0.032767437464251675,-7.711779587593615e-05,0.8687354270069994,0.7569850123671348,0.8402021982682374,0.9834397506789302,262.29929482466605,2,2026-09-28T13:15:59-04:00
0.04,0.04,0.0,0.8,0.2,0.0,/home/eli/Grad/AI-for-photonics/Metasurface/Unit_cell_Libraries/Ellipse Pillar SiN on SiO2 532 nm KAIST/GDS Library/elliptical_pillar_rx_0.04_ry_0.04_theta_0.0.gds,0.9504549834971296,0.03768156651231468,4.343014538920566e-20,4.4261376824730676e-20,-9.494480565382256e-12,-1.919153836706088e-11,0.9504549834971296,0.03768156651231468,4.343014538920566e-20,4.4261376824730676e-20,0.9047845761093509,0.9047845859485006,1.0383540635880917,0.8713642269785761,0.09521529425048951,-1.1980100989017473e-07,0.28366876326208057,0.24717881261783153,0.2566591245146048,0.9512016485001227,2.270349113658162,2,2026-09-28T13:17:12-04:00
0.04666666666666667,0.04,90.0,0.8,0.2,0.0,/home/eli/Grad/AI-for-photonics/Metasurface/Unit_cell_Libraries/Ellipse Pillar SiN on SiO2 532 nm KAIST/GDS Library/elliptical_pillar_rx_0.04666666666666667_ry_0.04_theta_90.0.gds,0.9425538487488337,0.16333668621282188,2.4064061216517804e-19,2.3527929136603415e-19,-1.4360610160172382e-11,-1.8895295289483884e-11,0.9425538487488337,0.16333668621282188,2.4064061216517804e-19,2.3527929136603415e-19,0.9150866308542251,0.9150866325116743,1.050176957211916,0.8713642269785761,0.0849132582512862,-1.0923703941401186e-07,0.28366876326208057,0.24717881261783153,0.25958149332224867,0.9566016050865821,9.83124382845496,2,2026-09-28T13:17:43-04:00
0.05333333333333334,0.04,90.0,0.8,0.2,0.0,/home/eli/Grad/AI-for-photonics/Metasurface/Unit_cell_Libraries/Ellipse Pillar SiN on SiO2 532 nm KAIST/GDS Library/elliptical_pillar_rx_0.05333333333333334_ry_0.04_theta_90.0.gds,0.9238229390351902,0.26440547698127614,2.08517390961934e-19,-1.3719614329860653e-19,-4.72447904656408e-11,-4.584417302043194e-12,0.9238229390351902,0.26440547698127614,2.08517390961934e-19,-1.3719614329860653e-19,0.9233590789453129,0.923359079527532,1.0596706301901402,0.8713642269785761,0.0766407936350016,-1.2683746630770543e-07,0.28366876326208057,0.24717881261783153,0.2619281281363881,0.9609157501806872,15.971543087983799,2,2026-09-28T13:18:12-04:00
0.060000000000000005,0.04,90.0,0.8,0.2,0.0,/home/eli/Grad/AI-for-photonics/Metasurface/Unit_cell_Libraries/Ellipse Pillar SiN on SiO2 532 nm KAIST/GDS Library/elliptical_pillar_rx_0.060000000000000005_ry_0.04_theta_90.0.gds,0.8993754761051467,0.34770696216233554,-2.2340522726977593e-19,-1.2866634340737455e-20,-3.892463686396066e-11,-4.2669810540168224e-11,0.8993754761051467,0.34770696216233554,-2.2340522726977593e-19,-1.2866634340737455e-20,0.9297763785555191,0.9297763780981398,1.0670352870947042,0.8713642269785761,0.07022349291019646,-1.2899166368374182e-07,0.28366876326208057,0.24717881261783153,0.26374851528539595,0.9642491268108668,21.136967548304707,2,2026-09-28T13:18:42-04:00
0.04666666666666667,0.04,0.0,0.8,0.2,0.0,/home/eli/Grad/AI-for-photonics/Metasurface/Unit_cell_Libraries/Ellipse Pillar SiN on SiO2 532 nm KAIST/GDS Library/elliptical_pillar_rx_0.04666666666666667_ry_0.04_theta_0.0.gds,0.9229876690254815,0.26783096645546334,2.368004523294791e-19,-5.42958436891285e-19,-6.9634856752027305e-12,-6.751295297169497e-12,0.9229876690254815,0.26783096645546334,2.368004523294791e-19,-5.42958436891285e-19,0.9236396637655593,0.9236396653388423,1.0599926376843922,0.8713642269785761,0.0763602014781319,-1.3318302571896368e-07,0.28366876326208057,0.24717881261783153,0.2620077215664714,0.9610617377492245,16.181580397563504,2,2026-09-28T13:19:15-04:00
0.04666666666666667,0.04666666666666667,0.0,0.8,0.2,0.0,/home/eli/Grad/AI-for-photonics/Metasurface/Unit_cell_Libraries/Ellipse Pillar SiN on SiO2 532 nm KAIST/GDS Library/elliptical_pillar_rx_0.04666666666666667_ry_0.04666666666666667_theta_0.0.gds,0.8781256354414123,0.40397881318072326,-2.0391314122827547e-19,-3.905069176750939e-19,-4.049738483955055e-11,-5.173016143271668e-11,0.8781256354414123,0.40397881318072326,-2.0391314122827547e-19,-3.905069176750939e-19,0.93430351311829,0.9343035132762904,1.0722307438715428,0.8713642269785761,0.0656963595423138,-1.271813958592105e-07,0.28366876326208057,0.24717881261783153,0.2650327221225022,0.9665937684044368,24.70463926969179,2,2026-09-28T13:19:45-04:00
0.05333333333333334,0.04666666666666667,90.0,0.8,0.2,0.0,/home/eli/Grad/AI-for-photonics/Metasurface/Unit_cell_Libraries/Ellipse Pillar SiN on SiO2 532 nm KAIST/GDS Library/elliptical_pillar_rx_0.05333333333333334_ry_0.04666666666666667_theta_90.0.gds,0.8163820578200575,0.5248861054331392,7.799772511767169e-20,-1.902823993702361e-19,4.790656320761819e-11,1.961073442092057e-11,0.8163820578200575,0.5248861054331392,7.799772511767169e-20,-1.902823993702361e-19,0.9419850880072802,0.9419850834156417,1.0810463113478286,0.8713642269785761,0.05801480312298235,-1.134613759612435e-07,0.28366876326208057,0.24717881261783153,0.26721174362384287,0.9705591625487239,32.738656060329475,2,2026-09-28T13:20:17-04:00
0.060000000000000005,0.04666666666666667,90.0,0.8,0.2,0.0,/home/eli/Grad/AI-for-photonics/Metasurface/Unit_cell_Libraries/Ellipse Pillar SiN on SiO2 532 nm KAIST/GDS Library/elliptical_pillar_rx_0.060000000000000005_ry_0.04666666666666667_theta_90.0.gds,0.7380694231907937,0.6340796701248433,-3.510724219199027e-20,-4.446960117590667e-19,-1.8228853973246603e-12,6.394124535780884e-12,0.7380694231907937,0.6340796701248433,-3.510724219199027e-20,-4.446960117590667e-19,0.9468035015148212,0.9468034914637539,1.0865760403623188,0.8713642269785761,0.05319638628809167,-1.22248154488247e-07,0.28366876326208057,0.24717881261783153,0.26857857547574293,0.97303828368406,40.66606415551324,2,2026-09-28T13:20:50-04:00
0.05333333333333334,0.04,0.0,0.8,0.2,0.0,/home/eli/Grad/AI-for-photonics/Metasurface/Unit_cell_Libraries/Ellipse Pillar SiN on SiO2 532 nm KAIST/GDS Library/elliptical_pillar_rx_0.05333333333333334_ry_0.04_theta_0.0.gds,0.8322075404229362,0.49833757584772725,4.948239479946452e-19,4.900132890910723e-19,-2.612873878783828e-11,-2.2120947058361193e-11,0.8322075404229362,0.49833757584772725,4.948239479946452e-19,4.900132890910723e-19,0.9409097298385823,0.9409097267613855,1.0798122043912175,0.8713642269785761,0.05909015581937961,-1.1741923489072548e-07,0.28366876326208057,0.24717881261783153,0.2669066985316644,0.9700050153677466,30.913767617885092,2,2026-09-28T13:21:21-04:00
0.05333333333333334,0.04666666666666667,0.0,0.8,0.2,0.0,/home/eli/Grad/AI-for-photonics/Metasurface/Unit_cell_Libraries/Ellipse Pillar SiN on SiO2 532 nm KAIST/GDS Library/elliptical_pillar_rx_0.05333333333333334_ry_0.04666666666666667_theta_0.0.gds,0.7219103044511733,0.6535902189231648,5.1064868159307225e-19,-1.1653634861690977e-19,6.052138290709166e-11,-1.2059197873655543e-12,0.7219103044511733,0.6535902189231648,5.1064868159307225e-19,-1.1653634861690977e-19,0.9483346619448164,0.9483346517824729,1.0883332393283909,0.8713642269785761,0.05166522245559743,-1.2576192964797173e-07,0.28366876326208057,0.24717881261783153,0.26901291782970993,0.9738247593611575,42.15649814996149,2,2026-09-28T13:21:52-04:00
0.05333333333333334,0.05333333333333334,0.0,0.8,0.2,0.0,/home/eli/Grad/AI-for-photonics/Metasurface/Unit_cell_Libraries/Ellipse Pillar SiN on SiO2 532 nm KAIST/GDS Library/elliptical_pillar_rx_0.05333333333333334_ry_0.05333333333333334_theta_0.0.gds,0.6078388432350298,0.7616067525337482,-2.0679233777608517e-19,-2.7606013121257962e-19,-2.963308209326181e-11,1.1579316319650446e-11,0.6078388432350298,0.7616067525337482,-2.0679233777608517e-19,-2.7606013121257962e-19,0.949512904850301,0.9495128871481577,1.0896854125404702,0.8713642269785761,0.050486968717828866,-1.4413401339119503e-07,0.28366876326208057,0.24717881261783153,0.26934714639872537,0.9744295279035324,51.40660984764318,2,2026-09-28T13:22:22-04:00
0.060000000000000005,0.05333333333333334,90.0,0.8,0.2,0.0,/home/eli/Grad/AI-for-photonics/Metasurface/Unit_cell_Libraries/Ellipse Pillar SiN on SiO2 532 nm KAIST/GDS Library/elliptical_pillar_rx_0.060000000000000005_ry_0.05333333333333334_theta_90.0.gds,0.4620195513133155,0.8555524705620008,-8.03461145806301e-20,-1.4631230700062845e-19,7.85797066133628e-12,-1.3339226411194888e-11,0.4620195513133155,0.8555524705620008,-8.03461145806301e-20,-1.4631230700062845e-19,0.9454320956805006,0.9454320741788479,1.0850021666107401,0.8713642269785761,0.054567747022468055,-1.7879868408066102e-07,0.28366876326208057,0.24717881261783153,0.2681895472306174,0.9723333253984976,61.6298536078607,2,2026-09-28T13:22:55-04:00
0.060000000000000005,0.04,0.0,0.8,0.2,0.0,/home/eli/Grad/AI-for-photonics/Metasurface/Unit_cell_Libraries/Ellipse Pillar SiN on SiO2 532 nm KAIST/GDS Library/elliptical_pillar_rx_0.060000000000000005_ry_0.04_theta_0.0.gds,0.6798706222468537,0.6983908069545044,1.820503983669273e-19,5.528152526499584e-20,-2.4380460359083975e-11,-8.073392116836345e-12,0.6798706222468537,0.6983908069545044,1.820503983669273e-19,5.528152526499584e-20,0.9499737822328878,0.9499737697334033,1.0902143332500611,0.8713642269785761,0.05002609936897589,-1.3089762085360945e-07,0.28366876326208057,0.24717881261783153,0.269477884391691,0.9746659849573533,45.76985725446702,2,2026-09-28T13:23:26-04:00
0.060000000000000005,0.04666666666666667,0.0,0.8,0.2,0.0,/home/eli/Grad/AI-for-photonics/Metasurface/Unit_cell_Libraries/Ellipse Pillar SiN on SiO2 532 nm KAIST/GDS Library/elliptical_pillar_rx_0.060000000000000005_ry_0.04666666666666667_theta_0.0.gds,0.4855253016534369,0.8437905850191779,2.2748442474880113e-19,-3.949854465220352e-19,2.0698021075194064e-11,9.209529649697723e-12,0.4855253016534369,0.8437905850191779,2.2748442474880113e-19,-3.949854465220352e-19,0.9477173699126675,0.9477173488153987,1.0876248065651883,0.8713642269785761,0.05228248267238069,-1.6851222062186366e-07,0.28366876326208057,0.24717881261783153,0.268837808260482,0.9735077657176996,60.08345916225524,2,2026-09-28T13:23:59-04:00
0.060000000000000005,0.05333333333333334,0.0,0.8,0.2,0.0,/home/eli/Grad/AI-for-photonics/Metasurface/Unit_cell_Libraries/Ellipse Pillar SiN on SiO2 532 nm KAIST/GDS Library/elliptical_pillar_rx_0.060000000000000005_ry_0.05333333333333334_theta_0.0.gds,0.2904390620191996,0.9233167366204261,8.11404353855283e-21,-1.6802472939385421e-19,1.630144161348319e-11,1.706844149199787e-11,0.2904390620191996,0.9233167366204261,8.11404353855283e-21,-1.6802472939385421e-19,0.9368686448699859,0.9368686267551728,1.0751745340794296,0.8713642269785761,0.06313115108723708,-2.2215759010180136e-07,0.28366876326208057,0.24717881261783153,0.26576036469068365,0.9679197512552298,72.5384790178549,2,2026-09-28T13:24:32-04:00
0.060000000000000005,0.060000000000000005,0.0,0.8,0.2,0.0,/home/eli/Grad/AI-for-photonics/Metasurface/Unit_cell_Libraries/Ellipse Pillar SiN on SiO2 532 nm KAIST/GDS Library/elliptical_pillar_rx_0.060000000000000005_ry_0.060000000000000005_theta_0.0.gds,0.11424405438074178,0.9539934347516904,4.343964614870771e-19,-2.1363330390592462e-19,-3.658039392806899e-11,-1.8521272469166715e-12,0.11424405438074178,0.9539934347516904,4.343964614870771e-19,-2.1363330390592462e-19,0.9231551775106777,0.9231551664033013,1.0594366142437457,0.8713642269785761,0.0768445978856119,-2.3571108676012642e-07,0.28366876326208057,0.24717881261783153,0.26187028435262466,0.9608096468659532,83.17114981843402,2,2026-09-28T13:25:07-04:00
0.04,0.04,0.0,0.8,0.25,0.0,/home/eli/Grad/AI-for-photonics/Metasurface/Unit_cell_Libraries/Ellipse Pillar SiN on SiO2 532 nm KAIST/GDS Library/elliptical_pillar_rx_0.04_ry_0.04_theta_0.0.gds,0.9082655443219195,-0.24530888594920258,5.602507065789587e-20,1.3378497617537048e-20,-1.2774984013952188e-11,-2.7838305456322096e-11,0.9082655443219195,-0.24530888594920258,5.602507065789587e-20,1.3378497617537048e-20,0.8851227485280316,0.8851227762071195,1.0157897145534038,0.8713641844623987,0.1148770345198624,-1.892730180363955e-07,0.4432324425969994,0.3862168758708113,0.39231513009651886,0.9408096239558945,344.8858865424156,2,2026-09-28T13:27:05-04:00
0.055,0.04,90.0,0.8,0.25,0.0,/home/eli/Grad/AI-for-photonics/Metasurface/Unit_cell_Libraries/Ellipse Pillar SiN on SiO2 532 nm KAIST/GDS Library/elliptical_pillar_rx_0.055_ry_0.04_theta_90.0.gds,0.94234728267548,-0.08864793220679924,3.309971803203475e-20,3.263762928529784e-20,-3.0030316634828395e-11,-3.178315953181137e-11,0.94234728267548,-0.08864793220679924,3.309971803203475e-20,3.263762928529784e-20,0.8958768570504023,0.8958768773100213,1.028131398196893,0.8713641844623987,0.10412297232012875,-1.5036984990501878e-07,0.4432324425969994,0.3862168758708113,0.3970816965962931,0.9465077163184684,354.6259208352819,2,2026-09-28T13:27:49-04:00
0.06999999999999999,0.04,90.0,0.8,0.25,0.0,/home/eli/Grad/AI-for-photonics/Metasurface/Unit_cell_Libraries/Ellipse Pillar SiN on SiO2 532 nm KAIST/GDS Library/elliptical_pillar_rx_0.06999999999999999_ry_0.04_theta_90.0.gds,0.9508190100720592,0.06121439250269075,-1.4160154475190269e-19,3.2205674200250944e-19,-2.1128865742950093e-11,-5.3925869090586956e-12,0.9508190100720592,0.06121439250269075,-1.4160154475190269e-19,3.2205674200250944e-19,0.907803991763884,0.9078040059296864,1.0418192784567681,0.8713641844623987,0.09219588996962592,-1.0410068773669678e-07,0.4432324425969994,0.3862168758708113,0.40236818694755583,0.952787485100368,3.683658514715734,2,2026-09-28T13:28:32-04:00
0.08499999999999999,0.04,90.0,0.8,0.25,0.0,/home/eli/Grad/AI-for-photonics/Metasurface/Unit_cell_Libraries/Ellipse Pillar SiN on SiO2 532 nm KAIST/GDS Library/elliptical_pillar_rx_0.08499999999999999_ry_0.04_theta_90.0.gds,0.9356987257069154,0.21021452648860084,1.0119219503395737e-19,2.8629001008212846e-19,-1.534180389770136e-12,1.1007569601425367e-11,0.9356987257069154,0.21021452648860084,1.0119219503395737e-19,2.8629001008212846e-19,0.919722252436372,0.9197222558450009,1.0554969692866565,0.8713641844623987,0.08027765501505645,-8.913994264947434e-08,0.4432324425969994,0.3862168758708113,0.40765074196900214,0.9590215078069793,12.661866535958396,2,2026-09-28T13:29:16-04:00
0.055,0.04,0.0,0.8,0.25,0.0,/home/eli/Grad/AI-for-photonics/Metasurface/Unit_cell_Libraries/Ellipse Pillar SiN on SiO2 532 nm KAIST/GDS Library/elliptical_pillar_rx_0.055_ry_0.04_theta_0.0.gds,0.9494014311481468,0.09011146701766791,4.9993584517371506e-20,-3.035507508881858e-20,-2.2631115398589193e-11,-5.462735483176335e-12,0.9494014311481468,0.09011146701766791,4.9993584517371506e-20,-3.035507508881858e-20,0.9094831539542255,0.9094831654515956,1.0437463252092636,0.8713641844623987,0.09051672497152685,-1.095768775716266e-07,0.4432324425969994,0.3862168758708113,0.40311244492396164,0.9536682620042598,5.421927873140576,2,2026-09-28T13:30:01-04:00
0.055,0.055,0.0,0.8,0.25,0.0,/home/eli/Grad/AI-for-photonics/Metasurface/Unit_cell_Libraries/Ellipse Pillar SiN on SiO2 532 nm KAIST/GDS Library/elliptical_pillar_rx_0.055_ry_0.055_theta_0.0.gds,0.8988309876665759,0.3498522231948732,3.7324860605179075e-20,2.81413998519323e-20,2.120495699866269e-11,-3.5984157379822955e-12,0.8988309876665759,0.3498522231948732,3.7324860605179075e-20,2.81413998519323e-20,0.9302937224640677,0.930293726853794,1.067629061926332,0.8713641844623987,0.06970617428924003,-9.8856965946581e-08,0.4432324425969994,0.3862168758708113,0.4123363608860729,0.9645173520803385,21.26749347325732,2,2026-09-28T13:30:48-04:00
0.06999999999999999,0.055,90.0,0.8,0.25,0.0,/home/eli/Grad/AI-for-photonics/Metasurface/Unit_cell_Libraries/Ellipse Pillar SiN on SiO2 532 nm KAIST/GDS Library/elliptical_pillar_rx_0.06999999999999999_ry_0.055_theta_90.0.gds,0.7751980804196137,0.5862199829469962,1.808440302194048e-19,1.724730674538175e-19,1.87177337643854e-11,-2.490899495468598e-11,0.7751980804196137,0.5862199829469962,1.808440302194048e-19,1.724730674538175e-19,0.9445859322926303,0.9445859246699961,1.0840311565625946,0.8713641844623987,0.055413956988060495,-1.1834194335591519e-07,0.4432324425969994,0.3862168758708113,0.4186711266342277,0.9718981079787276,37.09728600351559,2,2026-09-28T13:31:35-04:00
0.08499999999999999,0.055,90.0,0.8,0.25,0.0,/home/eli/Grad/AI-for-photonics/Metasurface/Unit_cell_Libraries/Ellipse Pillar SiN on SiO2 532 nm KAIST/GDS Library/elliptical_pillar_rx_0.08499999999999999_ry_0.055_theta_90.0.gds,0.5954093342702549,0.7697050458871508,1.7021573809847992e-19,7.783980837760712e-21,-2.735539629406072e-12,3.647556938588292e-12,0.5954093342702549,0.7697050458871508,1.7021573809847992e-19,7.783980837760712e-21,0.9469581330002892,0.9469581187171499,1.0867535476012133,0.8713641844623987,0.053041735378028664,-1.459048214469405e-07,0.4432324425969994,0.3862168758708113,0.4197225599960617,0.9731177385087013,52.276070071245364,2,2026-09-28T13:32:21-04:00
0.06999999999999999,0.04,0.0,0.8,0.25,0.0,/home/eli/Grad/AI-for-photonics/Metasurface/Unit_cell_Libraries/Ellipse Pillar SiN on SiO2 532 nm KAIST/GDS Library/elliptical_pillar_rx_0.06999999999999999_ry_0.04_theta_0.0.gds,0.8383106871952616,0.48762223282904027,-2.838013598945896e-20,2.3449344087645406e-19,-9.703831672546481e-12,-4.107858612356019e-14,0.8383106871952616,0.48762223282904027,-2.838013598945896e-20,2.3449344087645406e-19,0.9405402502149703,0.9405402456487264,1.0793882310288057,0.8713641844623987,0.05945966377058656,-9.058068706213618e-08,0.4432324425969994,0.3862168758708113,0.41687795043966686,0.9698145442376962,30.185384511970213,2,2026-09-28T13:33:08-04:00
0.06999999999999999,0.055,0.0,0.8,0.25,0.0,/home/eli/Grad/AI-for-photonics/Metasurface/Unit_cell_Libraries/Ellipse Pillar SiN on SiO2 532 nm KAIST/GDS Library/elliptical_pillar_rx_0.06999999999999999_ry_0.055_theta_0.0.gds,0.5539380853354177,0.8013617179876654,1.1193808830544214e-19,-4.084401386949198e-20,1.2214682764887287e-11,2.538216837334606e-11,0.5539380853354177,0.8013617179876654,1.1193808830544214e-19,-4.084401386949198e-20,0.949028005441211,0.9490279925047169,1.0891289881167587,0.8713641844623987,0.050971854959728516,-1.525355545206608e-07,0.4432324425969994,0.3862168758708113,0.42063999521079254,0.9741806841860554,55.3459881581228,2,2026-09-28T13:33:57-04:00
0.06999999999999999,0.06999999999999999,0.0,0.8,0.25,0.0,/home/eli/Grad/AI-for-photonics/Metasurface/Unit_cell_Libraries/Ellipse Pillar SiN on SiO2 532 nm KAIST/GDS Library/elliptical_pillar_rx_0.06999999999999999_ry_0.06999999999999999_theta_0.0.gds,0.180370678851955,0.9460193856051979,8.670160963537572e-20,3.954597427515033e-20,6.590274628906568e-14,3.4333414501012404e-12,0.180370678851955,0.9460193856051979,8.670160963537572e-20,3.954597427515033e-20,0.9274862597303513,0.9274862505077255,1.0644071297008288,0.8713641844623987,0.07251352143227785,-2.2805999666530852e-07,0.4432324425969994,0.3862168758708113,0.4110919962876716,0.9630608805939276,79.20538640618554,2,2026-09-28T13:34:52-04:00
0.08499999999999999,0.06999999999999999,90.0,0.8,0.25,0.0,/home/eli/Grad/AI-for-photonics/Metasurface/Unit_cell_Libraries/Ellipse Pillar SiN on SiO2 532 nm KAIST/GDS Library/elliptical_pillar_rx_0.08499999999999999_ry_0.06999999999999999_theta_90.0.gds,-0.14978384957039811,0.9364383619996592,-2.808082298044714e-20,-3.066119613263209e-19,-2.287224138682916e-12,4.2384769199507516e-12,-0.14978384957039811,0.9364383619996592,-2.808082298044714e-20,-3.066119613263209e-19,0.8993520074167325,0.899352013559163,1.0321195541380117,0.8713641844623987,0.10064772465747669,-2.6178336021143167e-07,0.4432324425969994,0.3862168758708113,0.3986219897243576,0.9483417144767663,99.08751544994041,2,2026-09-28T13:35:38-04:00
0.08499999999999999,0.04,0.0,0.8,0.25,0.0,/home/eli/Grad/AI-for-photonics/Metasurface/Unit_cell_Libraries/Ellipse Pillar SiN on SiO2 532 nm KAIST/GDS Library/elliptical_pillar_rx_0.08499999999999999_ry_0.04_theta_0.0.gds,0.47997128378228765,0.8480785975514914,2.0155608290058603e-19,-1.1096651695328626e-20,-1.2866658561342385e-11,2.6421246735148804e-11,0.47997128378228765,0.8480785975514914,2.0155608290058603e-19,-1.1096651695328626e-20,0.9496097408805219,0.9496097225245691,1.0897965964833005,0.8713641844623987,0.05039011243330746,-1.6504212341228452e-07,0.4432324425969994,0.3862168758708113,0.4208978368284236,0.9744792152121675,60.49224720862418,2,2026-09-28T13:36:27-04:00
0.08499999999999999,0.055,0.0,0.8,0.25,0.0,/home/eli/Grad/AI-for-photonics/Metasurface/Unit_cell_Libraries/Ellipse Pillar SiN on SiO2 532 nm KAIST/GDS Library/elliptical_pillar_rx_0.08499999999999999_ry_0.055_theta_0.0.gds,-0.058353177998024336,0.952667549421371,-1.2957391991882242e-19,-4.610706851361691e-20,-2.2951725760640066e-13,3.9066320009274474e-12,-0.058353177998024336,0.952667549421371,-1.2957391991882242e-19,-4.610706851361691e-20,0.9109805531029895,0.9109805518935107,1.0454647644894355,0.8713641844623987,0.08901918948810325,-2.586183860397995e-07,0.4432324425969994,0.3862168758708113,0.4037761351741233,0.9544530125171116,93.50512505837605,2,2026-09-28T13:37:15-04:00
0.08499999999999999,0.06999999999999999,0.0,0.8,0.25,0.0,/home/eli/Grad/AI-for-photonics/Metasurface/Unit_cell_Libraries/Ellipse Pillar SiN on SiO2 532 nm KAIST/GDS Library/elliptical_pillar_rx_0.08499999999999999_ry_0.06999999999999999_theta_0.0.gds,-0.5115183061226888,0.7858905344250037,-3.650772396023008e-20,1.2203934232920668e-19,2.267717916632917e-11,2.2202746007513705e-11,-0.5115183061226888,0.7858905344250037,-3.650772396023008e-20,1.2203934232920668e-19,0.8792749095974427,0.8792749338761858,1.0090785799495166,0.8713641844623987,0.1207248472330698,-2.1889074441894252e-07,0.4432324425969994,0.3862168758708113,0.389723176656257,0.9376965978382574,123.05918932654676,2,2026-09-28T13:38:03-04:00
